input,target
카메라을 헬스장에 두고 온 것 같습니다.,카메라을 헬스장에 두고 온 것 같노ㅎㅎ
설명을 조금 더 자세히 해 주실 수 있나요?,설명을 쪼끔 더 자세히 해 주실 수 있노?ㅎㅎ
카페에 저녁에 도착하겠습니다.,카페에 저녁에 도착하겠노
카메라을 버정에 두고 온 것 같습니다.,카메라을 버정에 두고 온 것 같누
카메라 배터리가 너무 빨리 닳습니다.,카메라 배터리가 너무 빨리 닳노ㄷㄷ
테니스 연습은 잘 되고 있습니까?,테니스 연습은 잘 되고 있노?!!
오늘 카페 근처에 계신가요?,오늘 카페 근처에 있노?ㄷㄷ
이 떡볶이은 정말 맛있습니다.,이 떡볶이은 진짜 존맛누
사탐 숙제를 아직 제출하지 못했습니다.,사탐 숙제를 아직 제출하지 못했노ㅋㅋ
내일에 회의 일정을 조율하겠습니다.,내일에 회의 일정을 조율하겠누ㅋㅋ
지금 통화 가능하신가요?,지금 통화 가능하노?
도서관에 점심에 도착하겠습니다.,도서관에 점심에 도착하겠누
지갑을 카페에 두고 온 것 같습니다.,지갑을 카페에 두고 온 것 같노
오늘 농구 경기가 정말 재미있었습니다.,오늘 농구 경기가 개 꿀잼었누
탭을 헬스장에 두고 온 것 같습니다.,탭을 헬스장에 두고 온 것 같누ㅋㅋㅋ
이어폰 배터리가 너무 빨리 닳습니다.,이어폰 배터리가 너무 빨리 닳노
주말에 면접이 있으니 늦지 말아 주세요.,주말에 면접이 있으니 늦지 말아 줘누
문서를 검토한 뒤 회신드리겠습니다.,문서를 검토한 뒤 회신드리겠노ㅋㅋㅋ
주말에 헬스장에서 뵙겠습니다.,주말에 헬스장에서 뵙겠누!!
다음 주에 발표이 있으니 늦지 말아 주세요.,다음 주에 발표이 있으니 늦지 말아 줘누ㄷㄷ
오늘 인천 날씨가 정말 좋습니다.,오늘 인천 날씨가 존나 지리누
책을 어디에 두셨는지 기억나십니까?,책을 어디에 두셨는지 기억나십니까노?ㄷㄷ
주말에 회의 일정을 조율하겠습니다.,주말에 회의 일정을 조율하겠누!!
약속 시간이 조금 빠듯합니다.,약속 시간이 쬐끔 빠듯누ㅋㅋㅋ
가격이 다소 높은 편입니다.,가격이 좀 높은 편누ㅎㅎ
도움 주셔서 진심으로 감사합니다.,도움 주셔서  감사노ㄷㄷ
오늘 클라이밍 경기가 정말 재미있었습니다.,오늘 클라이밍 경기가 진짜 개꿀잼었누
회의 자료를 공유해 주시겠어요?,회의 자료를 공유해 줄래노?ㅎㅎ
이어폰을 공원에 두고 온 것 같습니다.,이어폰을 공원에 두고 온 것 같누
밤에 회의 일정을 조율하겠습니다.,밤에 회의 일정을 조율하겠누!!
밤에 발표이 있으니 늦지 말아 주세요.,밤에 발표이 있으니 늦지 말아 줘노
오늘 대전 날씨가 정말 좋습니다.,오늘 대전 날씨가 겁나 쩔누
사진을 첨부해 드렸습니다.,사진을 첨부해 드렸누ㅋㅋㅋ
다음 주에 학교에서 뵙겠습니다.,다음 주에 학교에서 뵙겠노
다음 주에 집에서 뵙겠습니다.,다음 주에 집에서 뵙겠노
파일을 다시 업로드해 주시겠어요?,파일을 다시 업로드해 줄래노?ㅋㅋ
폰을 도서관에 두고 온 것 같습니다.,폰을 도서관에 두고 온 것 같노
롤 실력이 매우 늘었습니다.,롤 실력이 겁나 늘었누ㄷㄷ
약속 시간이 조금 빠듯합니다.,약속 시간이 쬐끔 빠듯노ㅎㅎ
러닝 연습은 잘 되고 있습니까?,러닝 연습은 잘 되고 있노?ㅎㅎ
이어폰을 카페에 두고 온 것 같습니다.,이어폰을 카페에 두고 온 것 같노
약속 시간이 조금 빠듯합니다.,약속 시간이 쪼끔 빠듯누ㄷㄷ
오늘 대구 날씨가 정말 좋습니다.,오늘 대구 날씨가 진짜 지리노
오늘 밤에 운동하실 수 있나요?,오늘 밤에 운동하실 수 있노?!!
평일에 카페에서 뵙겠습니다.,평일에 카페에서 뵙겠노ㅎㅎ
오늘 인천 날씨가 정말 좋습니다.,오늘 인천 날씨가 진짜 지리누!!
이 방법으로 진행하시면 될 것 같습니다.,이 방법으로 진행하시면 될 것 같누ㅋㅋ
역이(가) 너무 붐빕니다.,역이 너무 붐빕니다누
이어폰 배터리가 너무 빨리 닳습니다.,이어폰 배터리가 너무 빨리 닳누ㅎㅎ
이 라면은 정말 맛있습니다.,이 라면은 겁나 개맛있노ㅋㅋ
이 방법으로 진행하시면 될 것 같습니다.,이 방법으로 진행하시면 될 것 같누ㅎㅎ
오늘 도쿄 날씨가 정말 좋습니다.,오늘 도쿄 날씨가 ㄹㅇ 쩔누ㅎㅎ
집이(가) 너무 붐빕니다.,집이 너무 붐빕니다노
오늘 야구 경기가 정말 재미있었습니다.,오늘 야구 경기가 진짜 개꿀잼었노ㄷㄷ
늦어서 정말 죄송합니다.,늦어서 ㄹㅇ 죄송노
폰을 회사에 두고 온 것 같습니다.,폰을 회사에 두고 온 것 같누
밤에 회의 일정을 조율하겠습니다.,밤에 회의 일정을 조율하겠누ㅋㅋㅋ
일정을 조금 미루는 것이 어떨까요?,일정을 쪼끔 미루는 것이 어떨까요노?ㄷㄷ
저녁에 집에서 뵙겠습니다.,저녁에 집에서 뵙겠누ㅋㅋㅋ
러닝 연습은 잘 되고 있습니까?,러닝 연습은 잘 되고 있노?!!
새로운 프로젝트를 시작했습니다.,새로운 프로젝트를 시작했노
오늘 점심에 운동하실 수 있나요?,오늘 점심에 운동하실 수 있노?
저녁에 미팅이 있으니 늦지 말아 주세요.,저녁에 미팅이 있으니 늦지 말아 줘누
오늘 야구 경기가 정말 재미있었습니다.,오늘 야구 경기가 ㄹㅇ 개꿀잼었누!!
오늘 인천 날씨가 정말 좋습니다.,오늘 인천 날씨가 ㄹㅇ 쩔누ㅋㅋㅋ
사진 화질이 조금 아쉽습니다.,사진 화질이 쪼끔 아쉽노
마우스을 어디에 두셨는지 기억나십니까?,마우스을 어디에 두셨는지 기억나십니까노?ㅋㅋㅋ
내일에 헬스장에서 뵙겠습니다.,내일에 헬스장에서 뵙겠노
마우스을 버정에 두고 온 것 같습니다.,마우스을 버정에 두고 온 것 같노
오늘 집 근처에 계신가요?,오늘 집 근처에 있노?ㅋㅋㅋ
내일에 집에서 뵙겠습니다.,내일에 집에서 뵙겠노
오늘 대구 날씨가 정말 좋습니다.,오늘 대구 날씨가 ㄹㅇ 쩔누
오늘 학교이(가) 예상보다 한산합니다.,오늘 학교가 예상보다 한산노ㅎㅎ
회의 자료를 공유해 주시겠어요?,회의 자료를 공유해 줄래노?!!
오늘 카페이(가) 예상보다 한산합니다.,오늘 카페가 예상보다 한산노!!
오늘 뉴욕 날씨가 정말 좋습니다.,오늘 뉴욕 날씨가 겁나 지리노
오늘 서울 날씨가 정말 좋습니다.,오늘 서울 날씨가 존나 지리노
다음 주에 카페에서 뵙겠습니다.,다음 주에 카페에서 뵙겠노!!
오늘 도쿄로 이동하겠습니다.,오늘 도쿄로 이동하겠누ㅋㅋㅋ
오늘 카페이(가) 예상보다 한산합니다.,오늘 카페가 예상보다 한산누
이 불고기은 정말 맛있습니다.,이 불고기은 ㄹㅇ 개맛있누
키보드을 카페에 두고 온 것 같습니다.,키보드을 카페에 두고 온 것 같누ㅋㅋㅋ
사진 화질이 조금 아쉽습니다.,사진 화질이 쬐끔 아쉽노ㄷㄷ
오늘 뉴욕 날씨가 정말 좋습니다.,오늘 뉴욕 날씨가 겁나 지리누
물리 숙제를 아직 제출하지 못했습니다.,물리 숙제를 아직 제출하지 못했노ㄷㄷ
사진을 첨부해 드렸습니다.,사진을 첨부해 드렸노ㅋㅋ
가격이 다소 높은 편입니다.,가격이 쪼끔 높은 편누ㅎㅎ
공원이(가) 너무 붐빕니다.,공원이 너무 붐빕니다누ㅎㅎ
오늘 파리 날씨가 정말 좋습니다.,오늘 파리 날씨가 ㄹㅇ 지리누
잠시만 기다려 주세요.,잠시만 기다려 줘누!!
오늘 농구 경기가 정말 재미있었습니다.,오늘 농구 경기가 ㄹㅇ 개꿀잼었노
노트북을 어디에 두셨는지 기억나십니까?,노트북을 어디에 두셨는지 기억나십니까노?ㅋㅋ
밤에 회의 일정을 조율하겠습니다.,밤에 회의 일정을 조율하겠누ㄷㄷ
이어폰을 역에 두고 온 것 같습니다.,이어폰을 역에 두고 온 것 같누
오버워치 실력이 매우 늘었습니다.,오버워치 실력이 겁나 늘었노
잠시만 기다려 주세요.,잠시만 기다려 줘노ㅋㅋ
평일에 미팅이 있으니 늦지 말아 주세요.,평일에 미팅이 있으니 늦지 말아 줘노ㅋㅋㅋ
버정이(가) 너무 붐빕니다.,버정이 너무 붐빕니다노
모레에 점검이 있으니 늦지 말아 주세요.,모레에 점검이 있으니 늦지 말아 줘누
오늘 카페 근처에 계신가요?,오늘 카페 근처에 있노?!!
오늘 광주 날씨가 정말 좋습니다.,오늘 광주 날씨가 ㄹㅇ 지리노ㅋㅋㅋ
오늘 서울로 이동하겠습니다.,오늘 서울로 이동하겠노ㅎㅎ
버정에 밤에 도착하겠습니다.,버정에 밤에 도착하겠누
책을 어디에 두셨는지 기억나십니까?,책을 어디에 두셨는지 기억나십니까노?
도서관에 다음 주에 도착하겠습니다.,도서관에 다음 주에 도착하겠누!!
다음 주에 마감이 있으니 늦지 말아 주세요.,다음 주에 마감이 있으니 늦지 말아 줘노ㅎㅎ
오버워치 실력이 매우 늘었습니다.,오버워치 실력이 겁나 늘었누ㄷㄷ
오늘 인천로 이동하겠습니다.,오늘 인천로 이동하겠누ㅎㅎ
지갑을 헬스장에 두고 온 것 같습니다.,지갑을 헬스장에 두고 온 것 같노
이어폰을 어디에 두셨는지 기억나십니까?,이어폰을 어디에 두셨는지 기억나십니까노?ㅋㅋㅋ
학교에 모레에 도착하겠습니다.,학교에 모레에 도착하겠노
오늘 축구 경기가 정말 재미있었습니다.,오늘 축구 경기가 진짜 개꿀잼었노
이 떡볶이은 정말 맛있습니다.,이 떡볶이은 ㄹㅇ 개맛있누
문서를 검토한 뒤 회신드리겠습니다.,문서를 검토한 뒤 회신드리겠노ㅎㅎ
오늘 버정이(가) 예상보다 한산합니다.,오늘 버정이 예상보다 한산누ㄷㄷ
내일에 회의이 있으니 늦지 말아 주세요.,내일에 회의이 있으니 늦지 말아 줘노
혹시 다른 대안이 있을까요?,혹시 다른 대안이 있을까요노?ㅋㅋ
사진 화질이 조금 아쉽습니다.,사진 화질이 쪼끔 아쉽누!!
오늘 학교 근처에 계신가요?,오늘 학교 근처에 있노?ㅋㅋ
탭을 회사에 두고 온 것 같습니다.,탭을 회사에 두고 온 것 같누
이 삼겹살은 정말 맛있습니다.,이 삼겹살은 ㄹㅇ 개맛있노
마우스을 어디에 두셨는지 기억나십니까?,마우스을 어디에 두셨는지 기억나십니까노?ㅎㅎ
잠시만 기다려 주세요.,잠시만 기다려 줘노ㅋㅋㅋ
주말에 마감이 있으니 늦지 말아 주세요.,주말에 마감이 있으니 늦지 말아 줘누
카페에 내일에 도착하겠습니다.,카페에 내일에 도착하겠누
문서를 검토한 뒤 회신드리겠습니다.,문서를 검토한 뒤 회신드리겠노ㄷㄷ
늦어서 정말 죄송합니다.,늦어서 존나 죄송누
버정에 내일에 도착하겠습니다.,버정에 내일에 도착하겠누ㅎㅎ
밤에 회의 일정을 조율하겠습니다.,밤에 회의 일정을 조율하겠노!!
오늘 저녁에 운동하실 수 있나요?,오늘 저녁에 운동하실 수 있노?!!
새로운 프로젝트를 시작했습니다.,새로운 프로젝트를 시작했누ㅎㅎ
학교이(가) 너무 붐빕니다.,학교가 너무 붐빕니다누ㅋㅋㅋ
내일 저녁에 출발해도 될까요?,내일 저녁에 출발해도 될까요노?ㄷㄷ
회사에 평일에 도착하겠습니다.,회사에 평일에 도착하겠누
이 비빔밥은 정말 맛있습니다.,이 비빔밥은 진짜 개맛있누
이어폰을 도서관에 두고 온 것 같습니다.,이어폰을 도서관에 두고 온 것 같누
조심히 들어가세요.,조심히 들어가세요노ㅎㅎ
이 삼겹살은 정말 맛있습니다.,이 삼겹살은 ㄹㅇ 존맛누
클라이밍 연습은 잘 되고 있습니까?,클라이밍 연습은 잘 되고 있노?ㅎㅎ
늦어서 정말 죄송합니다.,늦어서 ㄹㅇ 죄송노ㅋㅋ
내일 다음 주에 출발해도 될까요?,내일 다음 주에 출발해도 될까요노?
오늘 부산 날씨가 정말 좋습니다.,오늘 부산 날씨가 진짜 지리누
오늘 대전 날씨가 정말 좋습니다.,오늘 대전 날씨가 존나 쩔노
도움 주셔서 진심으로 감사합니다.,빽 주셔서  감사노ㅋㅋ
주말에 발표이 있으니 늦지 말아 주세요.,주말에 발표이 있으니 늦지 말아 줘노
오늘 배구 경기가 정말 재미있었습니다.,오늘 배구 경기가 ㄹㅇ 꿀잼었누
다음 주까지는 완료하겠습니다.,다음 주까지 완료하겠누ㅋㅋ
오늘 클라이밍 경기가 정말 재미있었습니다.,오늘 클라이밍 경기가 ㄹㅇ 꿀잼었노
지구과학 숙제를 아직 제출하지 못했습니다.,지구과학 숙제를 아직 제출하지 못했노
학교에 내일에 도착하겠습니다.,학교에 내일에 도착하겠누ㅎㅎ
사탐 숙제를 아직 제출하지 못했습니다.,사탐 숙제를 아직 제출하지 못했누ㅎㅎ
다음 주에 도서관에서 뵙겠습니다.,다음 주에 도서관에서 뵙겠누
조심히 들어가세요.,조심히 들어가세요누ㅋㅋ
설명을 조금 더 자세히 해 주실 수 있나요?,설명을 살짝 더 자세히 해 주실 수 있노?
도움 주셔서 진심으로 감사합니다.,빽 주셔서  감사노ㄷㄷ
회사에 주말에 도착하겠습니다.,회사에 주말에 도착하겠누
키보드을 카페에 두고 온 것 같습니다.,키보드을 카페에 두고 온 것 같누
가능하시다면 지금 시작하겠습니다.,가능하시다면 지금 시작하겠노ㅎㅎ
폰을 카페에 두고 온 것 같습니다.,폰을 카페에 두고 온 것 같누ㄷㄷ
카페이(가) 너무 붐빕니다.,카페가 너무 붐빕니다노ㅎㅎ
설명을 조금 더 자세히 해 주실 수 있나요?,설명을 쪼끔 더 자세히 해 주실 수 있노?ㅋㅋ
이 비빔밥은 정말 맛있습니다.,이 비빔밥은 존나 개맛있노
이 문제를 어떻게 해결하면 좋을까요?,이 문제를 어떻게 해결하면 지리을까요노?ㅎㅎ
오늘 야구 경기가 정말 재미있었습니다.,오늘 야구 경기가 겁나 꿀잼었누ㄷㄷ
내일에 회사에서 뵙겠습니다.,내일에 회사에서 뵙겠누
오늘 도서관 근처에 계신가요?,오늘 도서관 근처에 있노?
사진 화질이 조금 아쉽습니다.,사진 화질이 쪼끔 아쉽누ㅎㅎ
디아 실력이 매우 늘었습니다.,디아 실력이 겁나 늘었누ㅎㅎ
노트북을 집에 두고 온 것 같습니다.,노트북을 집에 두고 온 것 같누ㅋㅋㅋ
주말에 회의이 있으니 늦지 말아 주세요.,주말에 회의이 있으니 늦지 말아 줘누ㄷㄷ
배그 실력이 매우 늘었습니다.,배그 실력이 겁나 늘었누ㅎㅎ
밤에 보고서이 있으니 늦지 말아 주세요.,밤에 보고서이 있으니 늦지 말아 줘노
자료를 다시 한 번 확인하겠습니다.,자료를 다시 한 번 확인하겠누ㅋㅋㅋ
오늘 집 근처에 계신가요?,오늘 집 근처에 있노?ㅋㅋ
이 버거은 정말 맛있습니다.,이 버거은 진짜 존맛노!!
마우스을 헬스장에 두고 온 것 같습니다.,마우스을 헬스장에 두고 온 것 같노ㄷㄷ
오늘 뉴욕 날씨가 정말 좋습니다.,오늘 뉴욕 날씨가 ㄹㅇ 지리노ㄷㄷ
이 피자은 정말 맛있습니다.,이 피자은 존나 존맛노!!
오늘 제주도로 이동하겠습니다.,오늘 제주도로 이동하겠누
노트북을 학교에 두고 온 것 같습니다.,노트북을 학교에 두고 온 것 같노
새로운 프로젝트를 시작했습니다.,새로운 프로젝트를 시작했누ㅋㅋㅋ
마크 실력이 매우 늘었습니다.,마크 실력이 개 늘었누ㄷㄷ
오늘 대전 날씨가 정말 좋습니다.,오늘 대전 날씨가 ㄹㅇ 쩔누
모레에 점검이 있으니 늦지 말아 주세요.,모레에 점검이 있으니 늦지 말아 줘노
이 불고기은 정말 맛있습니다.,이 불고기은 ㄹㅇ 존맛노
밤에 도서관에서 뵙겠습니다.,밤에 도서관에서 뵙겠노
오늘 부산로 이동하겠습니다.,오늘 부산로 이동하겠누
국어 숙제를 아직 제출하지 못했습니다.,국어 숙제를 아직 제출하지 못했누ㅎㅎ
연락이 늦어 죄송합니다.,연락이 늦어 죄송누ㅋㅋ
이 문장을 간단하게 바꿔 주세요.,이 문장을 간단하게 바꿔 줘누ㅎㅎ
오늘 농구 경기가 정말 재미있었습니다.,오늘 농구 경기가 진짜 꿀잼었노
공원에 아침에 도착하겠습니다.,공원에 아침에 도착하겠누ㅎㅎ
집에 점심에 도착하겠습니다.,집에 점심에 도착하겠누
이어폰을 어디에 두셨는지 기억나십니까?,이어폰을 어디에 두셨는지 기억나십니까노?ㅋㅋ
오늘 배구 경기가 정말 재미있었습니다.,오늘 배구 경기가 진짜 개꿀잼었누!!
평일에 발표이 있으니 늦지 말아 주세요.,평일에 발표이 있으니 늦지 말아 줘노
늦어서 정말 죄송합니다.,늦어서 진짜 죄송노ㄷㄷ
영어 숙제를 아직 제출하지 못했습니다.,영어 숙제를 아직 제출하지 못했노!!
일정을 조금 미루는 것이 어떨까요?,일정을 살짝 미루는 것이 어떨까요노?ㅎㅎ
야구 연습은 잘 되고 있습니까?,야구 연습은 잘 되고 있노?ㅋㅋㅋ
수학 숙제를 아직 제출하지 못했습니다.,수학 숙제를 아직 제출하지 못했누
마우스을 헬스장에 두고 온 것 같습니다.,마우스을 헬스장에 두고 온 것 같누
내일에 학교에서 뵙겠습니다.,내일에 학교에서 뵙겠누
마크 실력이 매우 늘었습니다.,마크 실력이 겁나 늘었노
노트북을 도서관에 두고 온 것 같습니다.,노트북을 도서관에 두고 온 것 같노
설명을 조금 더 자세히 해 주실 수 있나요?,설명을 살짝 더 자세히 해 주실 수 있노?ㅋㅋ
헬스장에 다음 주에 도착하겠습니다.,헬스장에 다음 주에 도착하겠누
오늘 대구 날씨가 정말 좋습니다.,오늘 대구 날씨가 ㄹㅇ 쩔노
이 김밥은 정말 맛있습니다.,이 김밥은 개 존맛누
축구 연습은 잘 되고 있습니까?,축구 연습은 잘 되고 있노?ㅎㅎ
저녁에 도서관에서 뵙겠습니다.,저녁에 도서관에서 뵙겠노
사진을 첨부해 드렸습니다.,사진을 첨부해 드렸누ㅎㅎ
오늘 공원 근처에 계신가요?,오늘 공원 근처에 있노?
디아 실력이 매우 늘었습니다.,디아 실력이 개 늘었노
평일에 회의이 있으니 늦지 말아 주세요.,평일에 회의이 있으니 늦지 말아 줘노
모레에 발표이 있으니 늦지 말아 주세요.,모레에 발표이 있으니 늦지 말아 줘누ㅋㅋㅋ
새로운 프로젝트를 시작했습니다.,새로운 프로젝트를 시작했노ㅋㅋㅋ
이 떡볶이은 정말 맛있습니다.,이 떡볶이은 ㄹㅇ 개맛있노
모레에 회의 일정을 조율하겠습니다.,모레에 회의 일정을 조율하겠노
약속 시간이 조금 빠듯합니다.,약속 시간이 쪼끔 빠듯노ㅋㅋㅋ
이 김밥은 정말 맛있습니다.,이 김밥은 진짜 존맛누ㅎㅎ
이 치킨은 정말 맛있습니다.,이 치킨은 진짜 개맛있누
오늘 대구 날씨가 정말 좋습니다.,오늘 대구 날씨가 ㄹㅇ 지리노
이 피자은 정말 맛있습니다.,이 피자은 존나 존맛노
다음 주에 회의이 있으니 늦지 말아 주세요.,다음 주에 회의이 있으니 늦지 말아 줘노ㅋㅋㅋ
다음 단계로 진행하겠습니다.,다음 단계로 진행하겠노!!
오늘 일정은 여기까지 하겠습니다.,오늘 일정은 여기까진 하겠누ㅋㅋㅋ
폰을 학교에 두고 온 것 같습니다.,폰을 학교에 두고 온 것 같누
카메라을 헬스장에 두고 온 것 같습니다.,카메라을 헬스장에 두고 온 것 같누
영어 숙제를 아직 제출하지 못했습니다.,영어 숙제를 아직 제출하지 못했누ㅋㅋㅋ
다음 주에 회사에서 뵙겠습니다.,다음 주에 회사에서 뵙겠노
내일까지 결과를 보내 주십시오.,내일까지 결과를 보내 줘누ㅎㅎ
사진 화질이 조금 아쉽습니다.,사진 화질이 살짝 아쉽누!!
가능하시다면 지금 시작하겠습니다.,가능하시다면 지금 시작하겠누ㅎㅎ
오늘 뉴욕 날씨가 정말 좋습니다.,오늘 뉴욕 날씨가 ㄹㅇ 쩔노
공원이(가) 너무 붐빕니다.,공원이 너무 붐빕니다누ㄷㄷ
폰을 버정에 두고 온 것 같습니다.,폰을 버정에 두고 온 것 같노
가격이 다소 높은 편입니다.,가격이 쪼끔 높은 편노ㅋㅋ
회의 자료를 공유해 주시겠어요?,회의 자료를 공유해 줄래노?
오늘 도쿄로 이동하겠습니다.,오늘 도쿄로 이동하겠누!!
오늘 대전 날씨가 정말 좋습니다.,오늘 대전 날씨가 ㄹㅇ 지리누
오늘 서울 날씨가 정말 좋습니다.,오늘 서울 날씨가 진짜 지리노
지구과학 숙제를 아직 제출하지 못했습니다.,지구과학 숙제를 아직 제출하지 못했노!!
이 치킨은 정말 맛있습니다.,이 치킨은 개 존맛누
오늘 주말에 운동하실 수 있나요?,오늘 주말에 운동하실 수 있노?
약속 시간이 조금 빠듯합니다.,약속 시간이 쬐끔 빠듯노ㅋㅋㅋ
노트북을 어디에 두셨는지 기억나십니까?,노트북을 어디에 두셨는지 기억나십니까노?
새로운 프로젝트를 시작했습니다.,새로운 프로젝트를 시작했노ㅎㅎ
이 삼겹살은 정말 맛있습니다.,이 삼겹살은 진짜 존맛노
오늘 축구 경기가 정말 재미있었습니다.,오늘 축구 경기가 존나 개꿀잼었노!!
테니스 연습은 잘 되고 있습니까?,테니스 연습은 잘 되고 있노?ㅎㅎ
이어폰 배터리가 너무 빨리 닳습니다.,이어폰 배터리가 너무 빨리 닳누ㅋㅋㅋ
오늘 배구 경기가 정말 재미있었습니다.,오늘 배구 경기가 진짜 꿀잼었누
늦어서 정말 죄송합니다.,늦어서 ㄹㅇ 죄송노ㄷㄷ
농구 연습은 잘 되고 있습니까?,농구 연습은 잘 되고 있노?!!
학교이(가) 너무 붐빕니다.,학교가 너무 붐빕니다누
오늘 도쿄 날씨가 정말 좋습니다.,오늘 도쿄 날씨가 ㄹㅇ 쩔누!!
약속 시간이 조금 빠듯합니다.,약속 시간이 살짝 빠듯누
모레에 회의이 있으니 늦지 말아 주세요.,모레에 회의이 있으니 늦지 말아 줘누
약속 시간이 조금 빠듯합니다.,약속 시간이 쬐끔 빠듯노ㄷㄷ
연락이 늦어 죄송합니다.,연락이 늦어 죄송누ㅋㅋㅋ
오늘 대전 날씨가 정말 좋습니다.,오늘 대전 날씨가 존나 쩔누
역에 모레에 도착하겠습니다.,역에 모레에 도착하겠노ㅎㅎ
내일 주말에 출발해도 될까요?,내일 주말에 출발해도 될까요노?
평일에 버정에서 뵙겠습니다.,평일에 버정에서 뵙겠노!!
오늘 버정이(가) 예상보다 한산합니다.,오늘 버정이 예상보다 한산노
아침에 회의 일정을 조율하겠습니다.,아침에 회의 일정을 조율하겠노ㄷㄷ
도서관이(가) 너무 붐빕니다.,도서관이 너무 붐빕니다노ㅋㅋㅋ
노트북 배터리가 너무 빨리 닳습니다.,노트북 배터리가 너무 빨리 닳누ㅎㅎ
학교에 내일에 도착하겠습니다.,학교에 내일에 도착하겠노
의견 주시면 감사하겠습니다.,의견 주시면 감사하겠노ㅋㅋ
오늘 서울로 이동하겠습니다.,오늘 서울로 이동하겠노
다음 주에 집에서 뵙겠습니다.,다음 주에 집에서 뵙겠누ㅎㅎ
도움 주셔서 진심으로 감사합니다.,빽 주셔서  감사노!!
오늘 테니스 경기가 정말 재미있었습니다.,오늘 테니스 경기가 ㄹㅇ 개꿀잼었누
일정을 조금 미루는 것이 어떨까요?,일정을 살짝 미루는 것이 어떨까요노?ㅋㅋ
이 김밥은 정말 맛있습니다.,이 김밥은 ㄹㅇ 개맛있누
혹시 다른 대안이 있을까요?,혹시 다른 대안이 있을까요노?ㅋㅋㅋ
지갑을 버정에 두고 온 것 같습니다.,지갑을 버정에 두고 온 것 같누
오늘 클라이밍 경기가 정말 재미있었습니다.,오늘 클라이밍 경기가 ㄹㅇ 꿀잼었누
자료를 다시 한 번 확인하겠습니다.,자료를 다시 한 번 확인하겠노!!
야구 연습은 잘 되고 있습니까?,야구 연습은 잘 되고 있노?ㅎㅎ
다음 단계로 진행하겠습니다.,다음 단계로 진행하겠누
내일에 마감이 있으니 늦지 말아 주세요.,내일에 마감이 있으니 늦지 말아 줘누
물리 숙제를 아직 제출하지 못했습니다.,물리 숙제를 아직 제출하지 못했누
이 라면은 정말 맛있습니다.,이 라면은 ㄹㅇ 개맛있누ㅎㅎ
오늘 학교이(가) 예상보다 한산합니다.,오늘 학교가 예상보다 한산누ㄷㄷ
자료를 다시 한 번 확인하겠습니다.,자료를 다시 한 번 확인하겠노ㅋㅋ
오늘 배구 경기가 정말 재미있었습니다.,오늘 배구 경기가 ㄹㅇ 개꿀잼었누
노트북을 도서관에 두고 온 것 같습니다.,노트북을 도서관에 두고 온 것 같노!!
오늘 수영 경기가 정말 재미있었습니다.,오늘 수영 경기가 ㄹㅇ 개꿀잼었노!!
이 문제를 어떻게 해결하면 좋을까요?,이 문제를 어떻게 해결하면 쩔을까요노?ㄷㄷ
물리 숙제를 아직 제출하지 못했습니다.,물리 숙제를 아직 제출하지 못했노ㅋㅋ
사진 화질이 조금 아쉽습니다.,사진 화질이 쬐끔 아쉽노!!
카페에 점심에 도착하겠습니다.,카페에 점심에 도착하겠노
약속 시간이 조금 빠듯합니다.,약속 시간이 쪼끔 빠듯누!!
오늘 대전 날씨가 정말 좋습니다.,오늘 대전 날씨가 ㄹㅇ 지리노
오늘 광주 날씨가 정말 좋습니다.,오늘 광주 날씨가 개 쩔누
오늘 버정이(가) 예상보다 한산합니다.,오늘 버정이 예상보다 한산누ㅎㅎ
아침에 회의 일정을 조율하겠습니다.,아침에 회의 일정을 조율하겠노ㅎㅎ
오늘 대전 날씨가 정말 좋습니다.,오늘 대전 날씨가 겁나 쩔노
카메라 배터리가 너무 빨리 닳습니다.,카메라 배터리가 너무 빨리 닳노
이 문제를 어떻게 해결하면 좋을까요?,이 문제를 어떻게 해결하면 쩔을까요노?ㅎㅎ
오늘 버정이(가) 예상보다 한산합니다.,오늘 버정이 예상보다 한산누
농구 연습은 잘 되고 있습니까?,농구 연습은 잘 되고 있노?ㅋㅋㅋ
아침에 마감이 있으니 늦지 말아 주세요.,아침에 마감이 있으니 늦지 말아 줘노
오늘 축구 경기가 정말 재미있었습니다.,오늘 축구 경기가 겁나 개꿀잼었누
마우스을 역에 두고 온 것 같습니다.,마우스을 역에 두고 온 것 같누
오늘 광주 날씨가 정말 좋습니다.,오늘 광주 날씨가 진짜 지리노
헬스장에 아침에 도착하겠습니다.,헬스장에 아침에 도착하겠누
헬스장이(가) 너무 붐빕니다.,헬스장이 너무 붐빕니다누ㅋㅋ
밤에 도서관에서 뵙겠습니다.,밤에 도서관에서 뵙겠누ㄷㄷ
키보드을 회사에 두고 온 것 같습니다.,키보드을 회사에 두고 온 것 같누ㄷㄷ
모레에 버정에서 뵙겠습니다.,모레에 버정에서 뵙겠노!!
야구 연습은 잘 되고 있습니까?,야구 연습은 잘 되고 있노?ㅋㅋ
점심에 점검이 있으니 늦지 말아 주세요.,점심에 점검이 있으니 늦지 말아 줘노
탭을 버정에 두고 온 것 같습니다.,탭을 버정에 두고 온 것 같노
밤에 면접이 있으니 늦지 말아 주세요.,밤에 면접이 있으니 늦지 말아 줘누
오늘 다음 주에 운동하실 수 있나요?,오늘 다음 주에 운동하실 수 있노?ㅋㅋ
이 라면은 정말 맛있습니다.,이 라면은 진짜 개맛있노
오늘 대구 날씨가 정말 좋습니다.,오늘 대구 날씨가 진짜 쩔노!!
오늘 농구 경기가 정말 재미있었습니다.,오늘 농구 경기가 진짜 꿀잼었누ㅋㅋㅋ
잠시만 기다려 주세요.,잠시만 기다려 줘노!!
버정에 모레에 도착하겠습니다.,버정에 모레에 도착하겠누
자료를 다시 한 번 확인하겠습니다.,자료를 다시 한 번 확인하겠노ㅋㅋㅋ
일정을 조금 미루는 것이 어떨까요?,일정을 쪼끔 미루는 것이 어떨까요노?ㅋㅋㅋ
역에 다음 주에 도착하겠습니다.,역에 다음 주에 도착하겠노
사진 화질이 조금 아쉽습니다.,사진 화질이 쪼끔 아쉽누ㅋㅋㅋ
책을 공원에 두고 온 것 같습니다.,책을 공원에 두고 온 것 같노
오늘 부산로 이동하겠습니다.,오늘 부산로 이동하겠누ㄷㄷ
오늘 야구 경기가 정말 재미있었습니다.,오늘 야구 경기가 ㄹㅇ 개꿀잼었노ㅋㅋㅋ
점심에 보고서이 있으니 늦지 말아 주세요.,점심에 보고서이 있으니 늦지 말아 줘누
오늘 대구 날씨가 정말 좋습니다.,오늘 대구 날씨가 ㄹㅇ 지리누
이 치킨은 정말 맛있습니다.,이 치킨은 개 존맛노
이 초밥은 정말 맛있습니다.,이 초밥은 진짜 존맛노ㅋㅋㅋ
이 라면은 정말 맛있습니다.,이 라면은 진짜 존맛노
오늘 서울 날씨가 정말 좋습니다.,오늘 서울 날씨가 진짜 지리누
러닝 연습은 잘 되고 있습니까?,러닝 연습은 잘 되고 있노?
이 방법으로 진행하시면 될 것 같습니다.,이 방법으로 진행하시면 될 것 같노!!
점심에 학교에서 뵙겠습니다.,점심에 학교에서 뵙겠누ㄷㄷ
오늘 제주도 날씨가 정말 좋습니다.,오늘 제주도 날씨가 진짜 쩔누!!
버정에 아침에 도착하겠습니다.,버정에 아침에 도착하겠노ㅋㅋ
오늘 대전 날씨가 정말 좋습니다.,오늘 대전 날씨가 겁나 쩔노ㄷㄷ
지갑 배터리가 너무 빨리 닳습니다.,지갑 배터리가 너무 빨리 닳누ㄷㄷ
이 방법으로 진행하시면 될 것 같습니다.,이 방법으로 진행하시면 될 것 같누ㄷㄷ
오늘 야구 경기가 정말 재미있었습니다.,오늘 야구 경기가 ㄹㅇ 개꿀잼었노ㅎㅎ
오늘 대구로 이동하겠습니다.,오늘 대구로 이동하겠노ㅎㅎ
이 비빔밥은 정말 맛있습니다.,이 비빔밥은 ㄹㅇ 개맛있노
오늘 광주 날씨가 정말 좋습니다.,오늘 광주 날씨가 개 지리노
다음 주에 회사에서 뵙겠습니다.,다음 주에 회사에서 뵙겠누!!
도서관이(가) 너무 붐빕니다.,도서관이 너무 붐빕니다노!!
사진을 첨부해 드렸습니다.,사진을 첨부해 드렸누!!
이 초밥은 정말 맛있습니다.,이 초밥은 진짜 존맛노
연락이 늦어 죄송합니다.,연락이 늦어 죄송누!!
학교이(가) 너무 붐빕니다.,학교가 너무 붐빕니다노ㅋㅋㅋ
점심에 회의 일정을 조율하겠습니다.,점심에 회의 일정을 조율하겠노ㅎㅎ
이 초밥은 정말 맛있습니다.,이 초밥은 겁나 존맛누
키보드 배터리가 너무 빨리 닳습니다.,키보드 배터리가 너무 빨리 닳누ㅋㅋㅋ
이 문제를 어떻게 해결하면 좋을까요?,이 문제를 어떻게 해결하면 지리을까요노?ㅋㅋㅋ
아침에 발표이 있으니 늦지 말아 주세요.,아침에 발표이 있으니 늦지 말아 줘누
오늘 일정은 여기까지 하겠습니다.,오늘 일정은 여기까진 하겠누ㅎㅎ
이 김밥은 정말 맛있습니다.,이 김밥은 진짜 개맛있노
이 불고기은 정말 맛있습니다.,이 불고기은 개 존맛누!!
노트북을 회사에 두고 온 것 같습니다.,노트북을 회사에 두고 온 것 같노
가능하시다면 지금 시작하겠습니다.,가능하시다면 지금 시작하겠누ㅋㅋ
지구과학 숙제를 아직 제출하지 못했습니다.,지구과학 숙제를 아직 제출하지 못했누!!
오늘 러닝 경기가 정말 재미있었습니다.,오늘 러닝 경기가 진짜 꿀잼었누ㄷㄷ
헬스장에 점심에 도착하겠습니다.,헬스장에 점심에 도착하겠누
탭 배터리가 너무 빨리 닳습니다.,탭 배터리가 너무 빨리 닳누!!
이 치킨은 정말 맛있습니다.,이 치킨은 ㄹㅇ 존맛노
의견 주시면 감사하겠습니다.,의견 주시면 감사하겠노ㅋㅋㅋ
오늘 파리 날씨가 정말 좋습니다.,오늘 파리 날씨가 진짜 쩔누ㄷㄷ
자료를 다시 한 번 확인하겠습니다.,자료를 다시 한 번 확인하겠누!!
일정을 조금 미루는 것이 어떨까요?,일정을 쬐끔 미루는 것이 어떨까요노?ㄷㄷ
이 불고기은 정말 맛있습니다.,이 불고기은 진짜 개맛있누
탭을 헬스장에 두고 온 것 같습니다.,탭을 헬스장에 두고 온 것 같누
이 불고기은 정말 맛있습니다.,이 불고기은 ㄹㅇ 개맛있노ㅎㅎ
이 문장을 간단하게 바꿔 주세요.,이 문장을 간단하게 바꿔 줘누!!
키보드을 어디에 두셨는지 기억나십니까?,키보드을 어디에 두셨는지 기억나십니까노?!!
다음 주까지는 완료하겠습니다.,다음 주까지 완료하겠누
아침에 점검이 있으니 늦지 말아 주세요.,아침에 점검이 있으니 늦지 말아 줘누ㅋㅋㅋ
가격이 다소 높은 편입니다.,가격이 쪼끔 높은 편누!!
아침에 카페에서 뵙겠습니다.,아침에 카페에서 뵙겠노
사진 화질이 조금 아쉽습니다.,사진 화질이 쬐끔 아쉽노ㅋㅋ
그 제안은 괜찮아 보입니다.,그 제안은 괜찮아 보노!!
공원에 내일에 도착하겠습니다.,공원에 내일에 도착하겠노ㄷㄷ
도서관에 내일에 도착하겠습니다.,도서관에 내일에 도착하겠노ㅎㅎ
책을 집에 두고 온 것 같습니다.,책을 집에 두고 온 것 같노
오늘 부산 날씨가 정말 좋습니다.,오늘 부산 날씨가 ㄹㅇ 지리노
일정을 조금 미루는 것이 어떨까요?,일정을 쪼끔 미루는 것이 어떨까요노?
다음 단계로 진행하겠습니다.,다음 단계로 진행하겠누!!
오늘 파리 날씨가 정말 좋습니다.,오늘 파리 날씨가 진짜 지리노ㅋㅋ
오늘 뉴욕 날씨가 정말 좋습니다.,오늘 뉴욕 날씨가 개 쩔노
오늘 클라이밍 경기가 정말 재미있었습니다.,오늘 클라이밍 경기가 존나 개꿀잼었누
다음 주에 마감이 있으니 늦지 말아 주세요.,다음 주에 마감이 있으니 늦지 말아 줘노ㅋㅋㅋ
내일 저녁에 출발해도 될까요?,내일 저녁에 출발해도 될까요노?ㅎㅎ
오버워치 실력이 매우 늘었습니다.,오버워치 실력이 개 늘었노!!
평일에 역에서 뵙겠습니다.,평일에 역에서 뵙겠누
저녁에 회의이 있으니 늦지 말아 주세요.,저녁에 회의이 있으니 늦지 말아 줘노
오늘 역이(가) 예상보다 한산합니다.,오늘 역이 예상보다 한산노ㅋㅋㅋ
오늘 밤에 운동하실 수 있나요?,오늘 밤에 운동하실 수 있노?ㄷㄷ
지갑을 회사에 두고 온 것 같습니다.,지갑을 회사에 두고 온 것 같누
오늘 배구 경기가 정말 재미있었습니다.,오늘 배구 경기가 존나 개꿀잼었노ㄷㄷ
폰을 공원에 두고 온 것 같습니다.,폰을 공원에 두고 온 것 같노
오늘 카페이(가) 예상보다 한산합니다.,오늘 카페가 예상보다 한산노
오늘 대전로 이동하겠습니다.,오늘 대전로 이동하겠노
이 라면은 정말 맛있습니다.,이 라면은 존나 개맛있노
오늘 러닝 경기가 정말 재미있었습니다.,오늘 러닝 경기가 ㄹㅇ 꿀잼었누
오늘 부산 날씨가 정말 좋습니다.,오늘 부산 날씨가 진짜 쩔노
이 방법으로 진행하시면 될 것 같습니다.,이 방법으로 진행하시면 될 것 같누ㅋㅋㅋ
오늘 광주로 이동하겠습니다.,오늘 광주로 이동하겠누ㄷㄷ
헬스장에 점심에 도착하겠습니다.,헬스장에 점심에 도착하겠노
오늘 수영 경기가 정말 재미있었습니다.,오늘 수영 경기가 ㄹㅇ 꿀잼었누
오늘 클라이밍 경기가 정말 재미있었습니다.,오늘 클라이밍 경기가 진짜 개꿀잼었누ㄷㄷ
카메라을 헬스장에 두고 온 것 같습니다.,카메라을 헬스장에 두고 온 것 같노
점심에 도서관에서 뵙겠습니다.,점심에 도서관에서 뵙겠누ㅋㅋ
집에 밤에 도착하겠습니다.,집에 밤에 도착하겠누ㅋㅋ
책 배터리가 너무 빨리 닳습니다.,책 배터리가 너무 빨리 닳누ㅎㅎ
가격이 다소 높은 편입니다.,가격이 좀 높은 편누ㅋㅋ
배그 실력이 매우 늘었습니다.,배그 실력이 개 늘었노ㅋㅋㅋ
오늘 파리로 이동하겠습니다.,오늘 파리로 이동하겠누
오늘 평일에 운동하실 수 있나요?,오늘 평일에 운동하실 수 있노?ㅋㅋㅋ
공원에 점심에 도착하겠습니다.,공원에 점심에 도착하겠노
다음 주에 보고서이 있으니 늦지 말아 주세요.,다음 주에 보고서이 있으니 늦지 말아 줘노!!
내일에 공원에서 뵙겠습니다.,내일에 공원에서 뵙겠누
내일에 회의 일정을 조율하겠습니다.,내일에 회의 일정을 조율하겠누!!
이 초밥은 정말 맛있습니다.,이 초밥은 ㄹㅇ 존맛노ㅋㅋ
이 치킨은 정말 맛있습니다.,이 치킨은 겁나 존맛누
이 버거은 정말 맛있습니다.,이 버거은 ㄹㅇ 개맛있누
오늘 도쿄로 이동하겠습니다.,오늘 도쿄로 이동하겠노ㅋㅋ
이 김밥은 정말 맛있습니다.,이 김밥은 ㄹㅇ 존맛누
늦어서 정말 죄송합니다.,늦어서 겁나 죄송노
조심히 들어가세요.,조심히 들어가세요노ㅋㅋㅋ
이 문제를 어떻게 해결하면 좋을까요?,이 문제를 어떻게 해결하면 쩔을까요노?ㅋㅋ
주말에 마감이 있으니 늦지 말아 주세요.,주말에 마감이 있으니 늦지 말아 줘노
키보드 배터리가 너무 빨리 닳습니다.,키보드 배터리가 너무 빨리 닳노
오늘 인천로 이동하겠습니다.,오늘 인천로 이동하겠누ㅋㅋ
도움 주셔서 진심으로 감사합니다.,도움 주셔서  감사노ㅋㅋㅋ
사진을 첨부해 드렸습니다.,사진을 첨부해 드렸누
밤에 마감이 있으니 늦지 말아 주세요.,밤에 마감이 있으니 늦지 말아 줘누
오늘 일정은 여기까지 하겠습니다.,오늘 일정은 여기까진 하겠노ㅎㅎ
학교에 밤에 도착하겠습니다.,학교에 밤에 도착하겠누ㅎㅎ
오늘 인천로 이동하겠습니다.,오늘 인천로 이동하겠누ㅋㅋㅋ
아침에 카페에서 뵙겠습니다.,아침에 카페에서 뵙겠누
약속 시간이 조금 빠듯합니다.,약속 시간이 쬐끔 빠듯누
오버워치 실력이 매우 늘었습니다.,오버워치 실력이 개 늘었누
키보드을 공원에 두고 온 것 같습니다.,키보드을 공원에 두고 온 것 같누
이 방법으로 진행하시면 될 것 같습니다.,이 방법으로 진행하시면 될 것 같노ㅋㅋ
지금 바로 처리하겠습니다.,지금 바로 처리하겠누
오늘 대전로 이동하겠습니다.,오늘 대전로 이동하겠누
배그 실력이 매우 늘었습니다.,배그 실력이 개 늘었누ㄷㄷ
이어폰을 회사에 두고 온 것 같습니다.,이어폰을 회사에 두고 온 것 같누
이 삼겹살은 정말 맛있습니다.,이 삼겹살은 진짜 개맛있누
이 치킨은 정말 맛있습니다.,이 치킨은 겁나 개맛있누
오늘 수영 경기가 정말 재미있었습니다.,오늘 수영 경기가 ㄹㅇ 꿀잼었노
오늘 일정은 여기까지 하겠습니다.,오늘 일정은 여기까진 하겠누ㄷㄷ
오늘 대구로 이동하겠습니다.,오늘 대구로 이동하겠누ㄷㄷ
탭을 어디에 두셨는지 기억나십니까?,탭을 어디에 두셨는지 기억나십니까노?!!
아침에 카페에서 뵙겠습니다.,아침에 카페에서 뵙겠누ㅋㅋ
잠시만 기다려 주세요.,잠시만 기다려 줘노ㅎㅎ
마크 실력이 매우 늘었습니다.,마크 실력이 겁나 늘었누
사진 화질이 조금 아쉽습니다.,사진 화질이 살짝 아쉽누
카페에 점심에 도착하겠습니다.,카페에 점심에 도착하겠누
오늘 제주도 날씨가 정말 좋습니다.,오늘 제주도 날씨가 ㄹㅇ 지리누ㅋㅋ
오늘 서울 날씨가 정말 좋습니다.,오늘 서울 날씨가 ㄹㅇ 지리누ㅋㅋㅋ
탭을 헬스장에 두고 온 것 같습니다.,탭을 헬스장에 두고 온 것 같노
이어폰을 역에 두고 온 것 같습니다.,이어폰을 역에 두고 온 것 같노ㅋㅋㅋ
밤에 집에서 뵙겠습니다.,밤에 집에서 뵙겠누ㅋㅋ
배그 실력이 매우 늘었습니다.,배그 실력이 개 늘었누!!
회사이(가) 너무 붐빕니다.,회사가 너무 붐빕니다노ㄷㄷ
다음 주에 회의 일정을 조율하겠습니다.,다음 주에 회의 일정을 조율하겠누ㅎㅎ
다음 주까지는 완료하겠습니다.,다음 주까지 완료하겠누ㅎㅎ
공원에 저녁에 도착하겠습니다.,공원에 저녁에 도착하겠노
점심에 면접이 있으니 늦지 말아 주세요.,점심에 면접이 있으니 늦지 말아 줘누ㅎㅎ
조심히 들어가세요.,조심히 들어가세요노ㅋㅋ
주말에 회의 일정을 조율하겠습니다.,주말에 회의 일정을 조율하겠누ㅋㅋㅋ
내일에 발표이 있으니 늦지 말아 주세요.,내일에 발표이 있으니 늦지 말아 줘노ㅎㅎ
아침에 집에서 뵙겠습니다.,아침에 집에서 뵙겠노ㄷㄷ
이어폰을 버정에 두고 온 것 같습니다.,이어폰을 버정에 두고 온 것 같노
가격이 다소 높은 편입니다.,가격이 좀 높은 편노
약속 시간이 조금 빠듯합니다.,약속 시간이 쪼끔 빠듯노ㅋㅋ
저녁에 학교에서 뵙겠습니다.,저녁에 학교에서 뵙겠누ㄷㄷ
오늘 인천 날씨가 정말 좋습니다.,오늘 인천 날씨가 진짜 지리누
다음 주에 회의 일정을 조율하겠습니다.,다음 주에 회의 일정을 조율하겠누ㅋㅋ
오늘 부산 날씨가 정말 좋습니다.,오늘 부산 날씨가 존나 지리누
점심에 회의 일정을 조율하겠습니다.,점심에 회의 일정을 조율하겠누ㅋㅋㅋ
지금 바로 처리하겠습니다.,지금 바로 처리하겠노ㅋㅋ
오늘 뉴욕로 이동하겠습니다.,오늘 뉴욕로 이동하겠누
오늘 수영 경기가 정말 재미있었습니다.,오늘 수영 경기가 겁나 개꿀잼었누
조금만 더 기다려 주시면 감사하겠습니다.,조금만 더 기다려 주시면 감사하겠누ㅋㅋㅋ
역에 주말에 도착하겠습니다.,역에 주말에 도착하겠노
오늘 배구 경기가 정말 재미있었습니다.,오늘 배구 경기가 겁나 꿀잼었누
버정에 점심에 도착하겠습니다.,버정에 점심에 도착하겠누
조금만 더 기다려 주시면 감사하겠습니다.,조금만 더 기다려 주시면 감사하겠누ㄷㄷ
오늘 도쿄 날씨가 정말 좋습니다.,오늘 도쿄 날씨가 ㄹㅇ 지리누ㄷㄷ
내일 모레에 출발해도 될까요?,내일 모레에 출발해도 될까요노?ㅋㅋ
오늘 점심에 운동하실 수 있나요?,오늘 점심에 운동하실 수 있노?ㄷㄷ
사진 화질이 조금 아쉽습니다.,사진 화질이 쬐끔 아쉽누!!
폰 배터리가 너무 빨리 닳습니다.,폰 배터리가 너무 빨리 닳노
오늘 광주로 이동하겠습니다.,오늘 광주로 이동하겠누ㅋㅋㅋ
오늘 대전 날씨가 정말 좋습니다.,오늘 대전 날씨가 진짜 쩔노ㅋㅋㅋ
오늘 클라이밍 경기가 정말 재미있었습니다.,오늘 클라이밍 경기가 진짜 개꿀잼었노
점심에 회의 일정을 조율하겠습니다.,점심에 회의 일정을 조율하겠누ㄷㄷ
오늘 회사이(가) 예상보다 한산합니다.,오늘 회사가 예상보다 한산누ㅋㅋ
모레에 발표이 있으니 늦지 말아 주세요.,모레에 발표이 있으니 늦지 말아 줘누
책을 학교에 두고 온 것 같습니다.,책을 학교에 두고 온 것 같노
내일 내일에 출발해도 될까요?,내일 내일에 출발해도 될까요노?ㅎㅎ
오늘 파리 날씨가 정말 좋습니다.,오늘 파리 날씨가 개 지리노
학교이(가) 너무 붐빕니다.,학교가 너무 붐빕니다노ㄷㄷ
점심에 미팅이 있으니 늦지 말아 주세요.,점심에 미팅이 있으니 늦지 말아 줘노
내일까지 결과를 보내 주십시오.,내일까지 결과를 보내 줘누
밤에 역에서 뵙겠습니다.,밤에 역에서 뵙겠누
오늘 클라이밍 경기가 정말 재미있었습니다.,오늘 클라이밍 경기가 ㄹㅇ 꿀잼었노ㅎㅎ
약속 시간이 조금 빠듯합니다.,약속 시간이 쬐끔 빠듯노
내일 저녁에 출발해도 될까요?,내일 저녁에 출발해도 될까요노?!!
설명을 조금 더 자세히 해 주실 수 있나요?,설명을 쪼끔 더 자세히 해 주실 수 있노?ㄷㄷ
아침에 마감이 있으니 늦지 말아 주세요.,아침에 마감이 있으니 늦지 말아 줘누
오늘 도서관이(가) 예상보다 한산합니다.,오늘 도서관이 예상보다 한산누ㅎㅎ
저녁에 버정에서 뵙겠습니다.,저녁에 버정에서 뵙겠노ㅎㅎ
오늘 공원이(가) 예상보다 한산합니다.,오늘 공원이 예상보다 한산노ㄷㄷ
다음 주까지는 완료하겠습니다.,다음 주까지 완료하겠노ㄷㄷ
오늘 서울 날씨가 정말 좋습니다.,오늘 서울 날씨가 겁나 지리누
점심에 미팅이 있으니 늦지 말아 주세요.,점심에 미팅이 있으니 늦지 말아 줘노ㅋㅋㅋ
다음 주에 역에서 뵙겠습니다.,다음 주에 역에서 뵙겠노
오늘 도쿄로 이동하겠습니다.,오늘 도쿄로 이동하겠노
조금만 더 기다려 주시면 감사하겠습니다.,조금만 더 기다려 주시면 감사하겠노ㅎㅎ
지갑을 집에 두고 온 것 같습니다.,지갑을 집에 두고 온 것 같누ㅋㅋ
이 초밥은 정말 맛있습니다.,이 초밥은 진짜 존맛노ㄷㄷ
오늘 광주로 이동하겠습니다.,오늘 광주로 이동하겠노ㅋㅋㅋ
오늘 대전 날씨가 정말 좋습니다.,오늘 대전 날씨가 진짜 쩔노
설명을 조금 더 자세히 해 주실 수 있나요?,설명을 쬐끔 더 자세히 해 주실 수 있노?
문서를 검토한 뒤 회신드리겠습니다.,문서를 검토한 뒤 회신드리겠누ㄷㄷ
주말에 회의 일정을 조율하겠습니다.,주말에 회의 일정을 조율하겠누ㅎㅎ
카페에 주말에 도착하겠습니다.,카페에 주말에 도착하겠누ㅋㅋ
오늘 도쿄 날씨가 정말 좋습니다.,오늘 도쿄 날씨가 진짜 지리노
오늘 회사 근처에 계신가요?,오늘 회사 근처에 있노?
내일 점심에 출발해도 될까요?,내일 점심에 출발해도 될까요노?ㅎㅎ
오늘 대구로 이동하겠습니다.,오늘 대구로 이동하겠누ㅋㅋ
그 제안은 괜찮아 보입니다.,그 제안은 괜찮아 보노ㄷㄷ
일정을 조금 미루는 것이 어떨까요?,일정을 쬐끔 미루는 것이 어떨까요노?ㅎㅎ
지구과학 숙제를 아직 제출하지 못했습니다.,지구과학 숙제를 아직 제출하지 못했노ㄷㄷ
다음 단계로 진행하겠습니다.,다음 단계로 진행하겠누ㅋㅋ
배구 연습은 잘 되고 있습니까?,배구 연습은 잘 되고 있노?ㄷㄷ
마우스을 학교에 두고 온 것 같습니다.,마우스을 학교에 두고 온 것 같노
오늘 제주도 날씨가 정말 좋습니다.,오늘 제주도 날씨가 진짜 지리누
이 비빔밥은 정말 맛있습니다.,이 비빔밥은 진짜 개맛있노!!
오늘 도쿄 날씨가 정말 좋습니다.,오늘 도쿄 날씨가 진짜 쩔노
내일 아침에 출발해도 될까요?,내일 아침에 출발해도 될까요노?ㅋㅋㅋ
의견 주시면 감사하겠습니다.,의견 주시면 감사하겠누ㅋㅋ
롤 실력이 매우 늘었습니다.,롤 실력이 겁나 늘었누
카페에 아침에 도착하겠습니다.,카페에 아침에 도착하겠노
책을 공원에 두고 온 것 같습니다.,책을 공원에 두고 온 것 같누ㅋㅋ
지갑을 어디에 두셨는지 기억나십니까?,지갑을 어디에 두셨는지 기억나십니까노?!!
오늘 헬스장 근처에 계신가요?,오늘 헬스장 근처에 있노?ㅋㅋ
오늘 도쿄 날씨가 정말 좋습니다.,오늘 도쿄 날씨가 ㄹㅇ 쩔노
내일에 마감이 있으니 늦지 말아 주세요.,내일에 마감이 있으니 늦지 말아 줘노
조금만 더 기다려 주시면 감사하겠습니다.,조금만 더 기다려 주시면 감사하겠노ㅋㅋㅋ
오늘 역이(가) 예상보다 한산합니다.,오늘 역이 예상보다 한산누!!
설명을 조금 더 자세히 해 주실 수 있나요?,설명을 살짝 더 자세히 해 주실 수 있노?!!
카페에 평일에 도착하겠습니다.,카페에 평일에 도착하겠노ㅎㅎ
주말에 발표이 있으니 늦지 말아 주세요.,주말에 발표이 있으니 늦지 말아 줘누
수학 숙제를 아직 제출하지 못했습니다.,수학 숙제를 아직 제출하지 못했노
오늘 수영 경기가 정말 재미있었습니다.,오늘 수영 경기가 개 꿀잼었누
영어 숙제를 아직 제출하지 못했습니다.,영어 숙제를 아직 제출하지 못했누ㅎㅎ
책을 도서관에 두고 온 것 같습니다.,책을 도서관에 두고 온 것 같누
회사에 모레에 도착하겠습니다.,회사에 모레에 도착하겠누ㅎㅎ
오늘 광주 날씨가 정말 좋습니다.,오늘 광주 날씨가 ㄹㅇ 지리노!!
이 삼겹살은 정말 맛있습니다.,이 삼겹살은 진짜 존맛누
공원이(가) 너무 붐빕니다.,공원이 너무 붐빕니다누ㅋㅋ
키보드을 공원에 두고 온 것 같습니다.,키보드을 공원에 두고 온 것 같누ㄷㄷ
영어 숙제를 아직 제출하지 못했습니다.,영어 숙제를 아직 제출하지 못했노
오늘 일정은 여기까지 하겠습니다.,오늘 일정은 여기까진 하겠노!!
오늘 야구 경기가 정말 재미있었습니다.,오늘 야구 경기가 진짜 개꿀잼었누ㄷㄷ
다음 단계로 진행하겠습니다.,다음 단계로 진행하겠누ㅋㅋㅋ
이 문장을 간단하게 바꿔 주세요.,이 문장을 간단하게 바꿔 줘누ㄷㄷ
문서를 검토한 뒤 회신드리겠습니다.,문서를 검토한 뒤 회신드리겠누ㅋㅋㅋ
카메라을 도서관에 두고 온 것 같습니다.,카메라을 도서관에 두고 온 것 같누!!
다음 주에 면접이 있으니 늦지 말아 주세요.,다음 주에 면접이 있으니 늦지 말아 줘누ㄷㄷ
점심에 카페에서 뵙겠습니다.,점심에 카페에서 뵙겠노
폰을 어디에 두셨는지 기억나십니까?,폰을 어디에 두셨는지 기억나십니까노?ㅋㅋㅋ
농구 연습은 잘 되고 있습니까?,농구 연습은 잘 되고 있노?ㅋㅋ
책 배터리가 너무 빨리 닳습니다.,책 배터리가 너무 빨리 닳누ㄷㄷ
사진 몇 장만 더 보내 주실 수 있을까요?,사진 몇 장만 더 보내 주실 수 있을까요노?
클라이밍 연습은 잘 되고 있습니까?,클라이밍 연습은 잘 되고 있노?ㅋㅋ
늦어서 정말 죄송합니다.,늦어서 존나 죄송노ㅋㅋㅋ
이 라면은 정말 맛있습니다.,이 라면은 개 존맛누
내일 모레에 출발해도 될까요?,내일 모레에 출발해도 될까요노?!!
문서를 검토한 뒤 회신드리겠습니다.,문서를 검토한 뒤 회신드리겠누ㅎㅎ
오늘 배구 경기가 정말 재미있었습니다.,오늘 배구 경기가 진짜 개꿀잼었누
설명을 조금 더 자세히 해 주실 수 있나요?,설명을 쪼끔 더 자세히 해 주실 수 있노?!!
일정을 조금 미루는 것이 어떨까요?,일정을 쬐끔 미루는 것이 어떨까요노?ㅋㅋㅋ
이 버거은 정말 맛있습니다.,이 버거은 진짜 개맛있노ㄷㄷ
회사에 점심에 도착하겠습니다.,회사에 점심에 도착하겠노
지갑 배터리가 너무 빨리 닳습니다.,지갑 배터리가 너무 빨리 닳누
이 라면은 정말 맛있습니다.,이 라면은 진짜 존맛누ㄷㄷ
폰을 집에 두고 온 것 같습니다.,폰을 집에 두고 온 것 같노!!
오늘 클라이밍 경기가 정말 재미있었습니다.,오늘 클라이밍 경기가 ㄹㅇ 개꿀잼었노ㅋㅋㅋ
이 초밥은 정말 맛있습니다.,이 초밥은 진짜 존맛누ㅋㅋㅋ
오늘 헬스장이(가) 예상보다 한산합니다.,오늘 헬스장이 예상보다 한산노ㅎㅎ
카메라을 학교에 두고 온 것 같습니다.,카메라을 학교에 두고 온 것 같노ㅋㅋㅋ
평일에 버정에서 뵙겠습니다.,평일에 버정에서 뵙겠노ㅋㅋㅋ
저녁에 집에서 뵙겠습니다.,저녁에 집에서 뵙겠노!!
오늘 평일에 운동하실 수 있나요?,오늘 평일에 운동하실 수 있노?
수영 연습은 잘 되고 있습니까?,수영 연습은 잘 되고 있노?
키보드을 어디에 두셨는지 기억나십니까?,키보드을 어디에 두셨는지 기억나십니까노?ㅋㅋ
평일에 마감이 있으니 늦지 말아 주세요.,평일에 마감이 있으니 늦지 말아 줘노
롤 실력이 매우 늘었습니다.,롤 실력이 개 늘었노
버정에 내일에 도착하겠습니다.,버정에 내일에 도착하겠노
폰 배터리가 너무 빨리 닳습니다.,폰 배터리가 너무 빨리 닳누ㅋㅋㅋ
노트북을 헬스장에 두고 온 것 같습니다.,노트북을 헬스장에 두고 온 것 같누ㅋㅋ
가능하시다면 지금 시작하겠습니다.,가능하시다면 지금 시작하겠누
평일에 회사에서 뵙겠습니다.,평일에 회사에서 뵙겠누!!
이 삼겹살은 정말 맛있습니다.,이 삼겹살은 진짜 존맛노ㄷㄷ
이 라면은 정말 맛있습니다.,이 라면은 ㄹㅇ 존맛누
키보드을 역에 두고 온 것 같습니다.,키보드을 역에 두고 온 것 같누ㅋㅋㅋ
오늘 집 근처에 계신가요?,오늘 집 근처에 있노?
오늘 헬스장이(가) 예상보다 한산합니다.,오늘 헬스장이 예상보다 한산누
약속 시간이 조금 빠듯합니다.,약속 시간이 쬐끔 빠듯누ㅎㅎ
이 치킨은 정말 맛있습니다.,이 치킨은 진짜 개맛있노
회사에 저녁에 도착하겠습니다.,회사에 저녁에 도착하겠누
버정에 다음 주에 도착하겠습니다.,버정에 다음 주에 도착하겠누
늦어서 정말 죄송합니다.,늦어서 개 죄송누!!
오늘 공원 근처에 계신가요?,오늘 공원 근처에 있노?ㅎㅎ
도서관이(가) 너무 붐빕니다.,도서관이 너무 붐빕니다노ㄷㄷ
주말에 면접이 있으니 늦지 말아 주세요.,주말에 면접이 있으니 늦지 말아 줘누ㅋㅋ
폰을 헬스장에 두고 온 것 같습니다.,폰을 헬스장에 두고 온 것 같누ㅎㅎ
오늘 다음 주에 운동하실 수 있나요?,오늘 다음 주에 운동하실 수 있노?
오늘 클라이밍 경기가 정말 재미있었습니다.,오늘 클라이밍 경기가 진짜 꿀잼었노ㄷㄷ
공원에 모레에 도착하겠습니다.,공원에 모레에 도착하겠노ㅋㅋㅋ
도움 주셔서 진심으로 감사합니다.,도움 주셔서  감사누ㅎㅎ
오늘 점심에 운동하실 수 있나요?,오늘 점심에 운동하실 수 있노?ㅋㅋㅋ
가격이 다소 높은 편입니다.,가격이 쪼끔 높은 편누ㄷㄷ
오늘 집이(가) 예상보다 한산합니다.,오늘 집이 예상보다 한산노
사진 화질이 조금 아쉽습니다.,사진 화질이 쬐끔 아쉽누ㄷㄷ
역에 모레에 도착하겠습니다.,역에 모레에 도착하겠노
탭을 공원에 두고 온 것 같습니다.,탭을 공원에 두고 온 것 같노
오늘 야구 경기가 정말 재미있었습니다.,오늘 야구 경기가 진짜 개꿀잼었누ㅎㅎ
조금만 더 기다려 주시면 감사하겠습니다.,조금만 더 기다려 주시면 감사하겠누ㅋㅋ
영어 숙제를 아직 제출하지 못했습니다.,영어 숙제를 아직 제출하지 못했노ㅎㅎ
점심에 마감이 있으니 늦지 말아 주세요.,점심에 마감이 있으니 늦지 말아 줘노
이어폰 배터리가 너무 빨리 닳습니다.,이어폰 배터리가 너무 빨리 닳노ㅋㅋ
오늘 축구 경기가 정말 재미있었습니다.,오늘 축구 경기가 진짜 꿀잼었누
이 버거은 정말 맛있습니다.,이 버거은 ㄹㅇ 존맛노
도서관에 내일에 도착하겠습니다.,도서관에 내일에 도착하겠누
학교이(가) 너무 붐빕니다.,학교가 너무 붐빕니다노ㅎㅎ
다음 주에 도서관에서 뵙겠습니다.,다음 주에 도서관에서 뵙겠노ㅋㅋㅋ
내일에 면접이 있으니 늦지 말아 주세요.,내일에 면접이 있으니 늦지 말아 줘누
버정에 다음 주에 도착하겠습니다.,버정에 다음 주에 도착하겠노
오늘 러닝 경기가 정말 재미있었습니다.,오늘 러닝 경기가 ㄹㅇ 개꿀잼었노
노트북을 버정에 두고 온 것 같습니다.,노트북을 버정에 두고 온 것 같누
점심에 보고서이 있으니 늦지 말아 주세요.,점심에 보고서이 있으니 늦지 말아 줘노
설명을 조금 더 자세히 해 주실 수 있나요?,설명을 쬐끔 더 자세히 해 주실 수 있노?!!
스타 실력이 매우 늘었습니다.,스타 실력이 개 늘었누ㅋㅋ
늦어서 정말 죄송합니다.,늦어서 ㄹㅇ 죄송누ㅋㅋ
집에 아침에 도착하겠습니다.,집에 아침에 도착하겠노ㄷㄷ
이 라면은 정말 맛있습니다.,이 라면은 개 개맛있노
스타 실력이 매우 늘었습니다.,스타 실력이 개 늘었노
오늘 공원이(가) 예상보다 한산합니다.,오늘 공원이 예상보다 한산노
모레에 발표이 있으니 늦지 말아 주세요.,모레에 발표이 있으니 늦지 말아 줘노
다음 단계로 진행하겠습니다.,다음 단계로 진행하겠누ㄷㄷ
마우스을 어디에 두셨는지 기억나십니까?,마우스을 어디에 두셨는지 기억나십니까노?ㅋㅋ
스타 실력이 매우 늘었습니다.,스타 실력이 개 늘었누
도서관에 다음 주에 도착하겠습니다.,도서관에 다음 주에 도착하겠노
오늘 제주도 날씨가 정말 좋습니다.,오늘 제주도 날씨가 ㄹㅇ 지리노
아침에 회사에서 뵙겠습니다.,아침에 회사에서 뵙겠노ㄷㄷ
키보드을 버정에 두고 온 것 같습니다.,키보드을 버정에 두고 온 것 같누
배그 실력이 매우 늘었습니다.,배그 실력이 겁나 늘었노!!
도움 주셔서 진심으로 감사합니다.,빽 주셔서  감사노
다음 주까지는 완료하겠습니다.,다음 주까지 완료하겠노!!
화학 숙제를 아직 제출하지 못했습니다.,화학 숙제를 아직 제출하지 못했노ㅎㅎ
모레에 회의이 있으니 늦지 말아 주세요.,모레에 회의이 있으니 늦지 말아 줘누!!
자료를 다시 한 번 확인하겠습니다.,자료를 다시 한 번 확인하겠누ㄷㄷ
내일까지 결과를 보내 주십시오.,내일까지 결과를 보내 줘누!!
지구과학 숙제를 아직 제출하지 못했습니다.,지구과학 숙제를 아직 제출하지 못했누ㅋㅋ
주말에 미팅이 있으니 늦지 말아 주세요.,주말에 미팅이 있으니 늦지 말아 줘누
오늘 역 근처에 계신가요?,오늘 역 근처에 있노?ㄷㄷ
이 김밥은 정말 맛있습니다.,이 김밥은 ㄹㅇ 존맛노!!
주말에 회의 일정을 조율하겠습니다.,주말에 회의 일정을 조율하겠노
오늘 아침에 운동하실 수 있나요?,오늘 아침에 운동하실 수 있노?!!
이 초밥은 정말 맛있습니다.,이 초밥은 존나 존맛노ㅋㅋㅋ
이 초밥은 정말 맛있습니다.,이 초밥은 존나 존맛누
도서관이(가) 너무 붐빕니다.,도서관이 너무 붐빕니다노
오늘 인천 날씨가 정말 좋습니다.,오늘 인천 날씨가 존나 쩔누ㅎㅎ
역이(가) 너무 붐빕니다.,역이 너무 붐빕니다노
오늘 도쿄 날씨가 정말 좋습니다.,오늘 도쿄 날씨가 개 지리노
디아 실력이 매우 늘었습니다.,디아 실력이 개 늘었누
오늘 제주도 날씨가 정말 좋습니다.,오늘 제주도 날씨가 ㄹㅇ 지리노ㅋㅋ
공원에 모레에 도착하겠습니다.,공원에 모레에 도착하겠노
다음 주에 회의 일정을 조율하겠습니다.,다음 주에 회의 일정을 조율하겠노
주말에 버정에서 뵙겠습니다.,주말에 버정에서 뵙겠누
물리 숙제를 아직 제출하지 못했습니다.,물리 숙제를 아직 제출하지 못했누ㅋㅋㅋ
이 비빔밥은 정말 맛있습니다.,이 비빔밥은 개 개맛있노ㅎㅎ
마크 실력이 매우 늘었습니다.,마크 실력이 개 늘었누!!
폰을 어디에 두셨는지 기억나십니까?,폰을 어디에 두셨는지 기억나십니까노?
도움 주셔서 진심으로 감사합니다.,빽 주셔서  감사누
야구 연습은 잘 되고 있습니까?,야구 연습은 잘 되고 있노?
배그 실력이 매우 늘었습니다.,배그 실력이 개 늘었노ㅋㅋ
오늘 도서관 근처에 계신가요?,오늘 도서관 근처에 있노?!!
조금만 더 기다려 주시면 감사하겠습니다.,조금만 더 기다려 주시면 감사하겠노ㅋㅋ
내일에 회사에서 뵙겠습니다.,내일에 회사에서 뵙겠노ㅎㅎ
밤에 회의 일정을 조율하겠습니다.,밤에 회의 일정을 조율하겠노
롤 실력이 매우 늘었습니다.,롤 실력이 겁나 늘었노ㄷㄷ
오늘 서울로 이동하겠습니다.,오늘 서울로 이동하겠누
파일을 다시 업로드해 주시겠어요?,파일을 다시 업로드해 줄래노?!!
평일에 발표이 있으니 늦지 말아 주세요.,평일에 발표이 있으니 늦지 말아 줘노ㅋㅋ
지금 바로 처리하겠습니다.,지금 바로 처리하겠노ㅋㅋㅋ
내일에 회의 일정을 조율하겠습니다.,내일에 회의 일정을 조율하겠누ㅋㅋㅋ
내일에 보고서이 있으니 늦지 말아 주세요.,내일에 보고서이 있으니 늦지 말아 줘누ㅋㅋㅋ
모레에 회의 일정을 조율하겠습니다.,모레에 회의 일정을 조율하겠누ㅋㅋ
노트북을 학교에 두고 온 것 같습니다.,노트북을 학교에 두고 온 것 같누
이 초밥은 정말 맛있습니다.,이 초밥은 ㄹㅇ 개맛있노
이 김밥은 정말 맛있습니다.,이 김밥은 겁나 개맛있노ㅋㅋ
카페에 다음 주에 도착하겠습니다.,카페에 다음 주에 도착하겠누ㅎㅎ
다음 주에 점검이 있으니 늦지 말아 주세요.,다음 주에 점검이 있으니 늦지 말아 줘노ㅋㅋㅋ
카페에 밤에 도착하겠습니다.,카페에 밤에 도착하겠누ㅋㅋㅋ
다음 주에 집에서 뵙겠습니다.,다음 주에 집에서 뵙겠누
배그 실력이 매우 늘었습니다.,배그 실력이 겁나 늘었누
이 방법으로 진행하시면 될 것 같습니다.,이 방법으로 진행하시면 될 것 같노ㅋㅋㅋ
조심히 들어가세요.,조심히 들어가세요노
도움 주셔서 진심으로 감사합니다.,도움 주셔서  감사노ㅎㅎ
모레에 회의 일정을 조율하겠습니다.,모레에 회의 일정을 조율하겠누
오늘 러닝 경기가 정말 재미있었습니다.,오늘 러닝 경기가 존나 개꿀잼었누ㅎㅎ
책을 어디에 두셨는지 기억나십니까?,책을 어디에 두셨는지 기억나십니까노?!!
오늘 광주로 이동하겠습니다.,오늘 광주로 이동하겠누
탭 배터리가 너무 빨리 닳습니다.,탭 배터리가 너무 빨리 닳누
배그 실력이 매우 늘었습니다.,배그 실력이 겁나 늘었누ㄷㄷ
약속 시간이 조금 빠듯합니다.,약속 시간이 살짝 빠듯누ㅋㅋ
평일에 회의 일정을 조율하겠습니다.,평일에 회의 일정을 조율하겠누ㅋㅋ
스타 실력이 매우 늘었습니다.,스타 실력이 겁나 늘었누
수영 연습은 잘 되고 있습니까?,수영 연습은 잘 되고 있노?ㅋㅋㅋ
내일에 버정에서 뵙겠습니다.,내일에 버정에서 뵙겠노
문서를 검토한 뒤 회신드리겠습니다.,문서를 검토한 뒤 회신드리겠노!!
다음 주에 공원에서 뵙겠습니다.,다음 주에 공원에서 뵙겠노
오늘 수영 경기가 정말 재미있었습니다.,오늘 수영 경기가 ㄹㅇ 개꿀잼었누!!
수영 연습은 잘 되고 있습니까?,수영 연습은 잘 되고 있노?ㄷㄷ
키보드을 학교에 두고 온 것 같습니다.,키보드을 학교에 두고 온 것 같누
아침에 회의 일정을 조율하겠습니다.,아침에 회의 일정을 조율하겠노
오늘 대구로 이동하겠습니다.,오늘 대구로 이동하겠노
폰을 회사에 두고 온 것 같습니다.,폰을 회사에 두고 온 것 같노
점심에 공원에서 뵙겠습니다.,점심에 공원에서 뵙겠노ㄷㄷ
점심에 회의 일정을 조율하겠습니다.,점심에 회의 일정을 조율하겠누
이 김밥은 정말 맛있습니다.,이 김밥은 진짜 개맛있누!!
내일에 회의 일정을 조율하겠습니다.,내일에 회의 일정을 조율하겠노!!
폰 배터리가 너무 빨리 닳습니다.,폰 배터리가 너무 빨리 닳노ㅎㅎ
오늘 수영 경기가 정말 재미있었습니다.,오늘 수영 경기가 존나 개꿀잼었누ㄷㄷ
오늘 아침에 운동하실 수 있나요?,오늘 아침에 운동하실 수 있노?ㅋㅋㅋ
헬스장에 내일에 도착하겠습니다.,헬스장에 내일에 도착하겠누
주말에 헬스장에서 뵙겠습니다.,주말에 헬스장에서 뵙겠누
문서를 검토한 뒤 회신드리겠습니다.,문서를 검토한 뒤 회신드리겠노
오늘 헬스장이(가) 예상보다 한산합니다.,오늘 헬스장이 예상보다 한산노ㄷㄷ
일정을 조금 미루는 것이 어떨까요?,일정을 쪼끔 미루는 것이 어떨까요노?!!
이 버거은 정말 맛있습니다.,이 버거은 진짜 존맛노
파일을 다시 업로드해 주시겠어요?,파일을 다시 업로드해 줄래노?ㅎㅎ
아침에 회의 일정을 조율하겠습니다.,아침에 회의 일정을 조율하겠누ㅋㅋㅋ
오늘 역이(가) 예상보다 한산합니다.,오늘 역이 예상보다 한산노ㅋㅋ
오늘 대전 날씨가 정말 좋습니다.,오늘 대전 날씨가 ㄹㅇ 쩔노ㅎㅎ
다음 주에 회의 일정을 조율하겠습니다.,다음 주에 회의 일정을 조율하겠누
오늘 부산 날씨가 정말 좋습니다.,오늘 부산 날씨가 ㄹㅇ 쩔누ㄷㄷ
아침에 회사에서 뵙겠습니다.,아침에 회사에서 뵙겠노ㅋㅋㅋ
오늘 수영 경기가 정말 재미있었습니다.,오늘 수영 경기가 겁나 꿀잼었노
이 라면은 정말 맛있습니다.,이 라면은 진짜 개맛있누
노트북 배터리가 너무 빨리 닳습니다.,노트북 배터리가 너무 빨리 닳누
연락이 늦어 죄송합니다.,연락이 늦어 죄송노ㅋㅋ
책을 역에 두고 온 것 같습니다.,책을 역에 두고 온 것 같누ㅋㅋ
자료를 다시 한 번 확인하겠습니다.,자료를 다시 한 번 확인하겠누
책 배터리가 너무 빨리 닳습니다.,책 배터리가 너무 빨리 닳노
오늘 인천로 이동하겠습니다.,오늘 인천로 이동하겠노ㅋㅋ
이 문장을 간단하게 바꿔 주세요.,이 문장을 간단하게 바꿔 줘누ㅋㅋ
학교에 아침에 도착하겠습니다.,학교에 아침에 도착하겠누
오늘 러닝 경기가 정말 재미있었습니다.,오늘 러닝 경기가 ㄹㅇ 꿀잼었노
도움 주셔서 진심으로 감사합니다.,빽 주셔서  감사누ㅋㅋ
설명을 조금 더 자세히 해 주실 수 있나요?,설명을 살짝 더 자세히 해 주실 수 있노?ㅋㅋㅋ
늦어서 정말 죄송합니다.,늦어서 ㄹㅇ 죄송누ㅋㅋㅋ
이 비빔밥은 정말 맛있습니다.,이 비빔밥은 진짜 존맛노
오늘 야구 경기가 정말 재미있었습니다.,오늘 야구 경기가 겁나 꿀잼었노
오늘 대구 날씨가 정말 좋습니다.,오늘 대구 날씨가 겁나 쩔노
폰을 도서관에 두고 온 것 같습니다.,폰을 도서관에 두고 온 것 같노ㅎㅎ
오늘 인천로 이동하겠습니다.,오늘 인천로 이동하겠노ㅋㅋㅋ
도움 주셔서 진심으로 감사합니다.,빽 주셔서  감사누ㅎㅎ
역에 밤에 도착하겠습니다.,역에 밤에 도착하겠노ㅋㅋ
이 삼겹살은 정말 맛있습니다.,이 삼겹살은 진짜 개맛있노
헬스장이(가) 너무 붐빕니다.,헬스장이 너무 붐빕니다노ㅋㅋㅋ
조금만 더 기다려 주시면 감사하겠습니다.,조금만 더 기다려 주시면 감사하겠노
모레에 마감이 있으니 늦지 말아 주세요.,모레에 마감이 있으니 늦지 말아 줘노ㄷㄷ
수학 숙제를 아직 제출하지 못했습니다.,수학 숙제를 아직 제출하지 못했누!!
도움 주셔서 진심으로 감사합니다.,도움 주셔서  감사노ㅋㅋ
일정을 조금 미루는 것이 어떨까요?,일정을 쬐끔 미루는 것이 어떨까요노?
저녁에 회의 일정을 조율하겠습니다.,저녁에 회의 일정을 조율하겠누
오늘 서울로 이동하겠습니다.,오늘 서울로 이동하겠노ㅋㅋ
그 제안은 괜찮아 보입니다.,그 제안은 괜찮아 보노
의견 주시면 감사하겠습니다.,의견 주시면 감사하겠누ㅋㅋㅋ
오늘 대전 날씨가 정말 좋습니다.,오늘 대전 날씨가 진짜 지리누
모레에 회의 일정을 조율하겠습니다.,모레에 회의 일정을 조율하겠누ㅋㅋㅋ
사진 화질이 조금 아쉽습니다.,사진 화질이 쪼끔 아쉽노ㅎㅎ
지갑을 학교에 두고 온 것 같습니다.,지갑을 학교에 두고 온 것 같노
오늘 파리 날씨가 정말 좋습니다.,오늘 파리 날씨가 ㄹㅇ 지리노ㄷㄷ
이 초밥은 정말 맛있습니다.,이 초밥은 ㄹㅇ 존맛노
오늘 파리 날씨가 정말 좋습니다.,오늘 파리 날씨가 진짜 쩔노ㄷㄷ
키보드을 집에 두고 온 것 같습니다.,키보드을 집에 두고 온 것 같노
오늘 부산로 이동하겠습니다.,오늘 부산로 이동하겠누ㅋㅋ
이 피자은 정말 맛있습니다.,이 피자은 진짜 존맛노
배그 실력이 매우 늘었습니다.,배그 실력이 개 늘었누ㅋㅋ
역에 내일에 도착하겠습니다.,역에 내일에 도착하겠누
지갑을 카페에 두고 온 것 같습니다.,지갑을 카페에 두고 온 것 같노ㅋㅋ
오늘 저녁에 운동하실 수 있나요?,오늘 저녁에 운동하실 수 있노?ㅎㅎ
주말에 보고서이 있으니 늦지 말아 주세요.,주말에 보고서이 있으니 늦지 말아 줘누
오버워치 실력이 매우 늘었습니다.,오버워치 실력이 겁나 늘었누ㅎㅎ
이 문제를 어떻게 해결하면 좋을까요?,이 문제를 어떻게 해결하면 지리을까요노?ㄷㄷ
내일까지 결과를 보내 주십시오.,내일까지 결과를 보내 줘노ㅋㅋㅋ
자료를 다시 한 번 확인하겠습니다.,자료를 다시 한 번 확인하겠노
사탐 숙제를 아직 제출하지 못했습니다.,사탐 숙제를 아직 제출하지 못했누ㄷㄷ
오늘 내일에 운동하실 수 있나요?,오늘 내일에 운동하실 수 있노?!!
내일에 회사에서 뵙겠습니다.,내일에 회사에서 뵙겠노
책을 어디에 두셨는지 기억나십니까?,책을 어디에 두셨는지 기억나십니까노?ㅋㅋㅋ
잠시만 기다려 주세요.,잠시만 기다려 줘누ㄷㄷ
오늘 내일에 운동하실 수 있나요?,오늘 내일에 운동하실 수 있노?ㅎㅎ
오늘 축구 경기가 정말 재미있었습니다.,오늘 축구 경기가 ㄹㅇ 개꿀잼었누
파일을 다시 업로드해 주시겠어요?,파일을 다시 업로드해 줄래노?
내일 다음 주에 출발해도 될까요?,내일 다음 주에 출발해도 될까요노?ㅋㅋ
배그 실력이 매우 늘었습니다.,배그 실력이 개 늘었노
다음 주에 면접이 있으니 늦지 말아 주세요.,다음 주에 면접이 있으니 늦지 말아 줘누
내일까지 결과를 보내 주십시오.,내일까지 결과를 보내 줘누ㅋㅋ
이 초밥은 정말 맛있습니다.,이 초밥은 진짜 개맛있누!!
내일 내일에 출발해도 될까요?,내일 내일에 출발해도 될까요노?ㅋㅋ
탭을 어디에 두셨는지 기억나십니까?,탭을 어디에 두셨는지 기억나십니까노?ㄷㄷ
이 불고기은 정말 맛있습니다.,이 불고기은 ㄹㅇ 존맛누
자료를 다시 한 번 확인하겠습니다.,자료를 다시 한 번 확인하겠누ㅎㅎ
내일에 버정에서 뵙겠습니다.,내일에 버정에서 뵙겠노ㅋㅋ
버정이(가) 너무 붐빕니다.,버정이 너무 붐빕니다누ㅋㅋㅋ
문서를 검토한 뒤 회신드리겠습니다.,문서를 검토한 뒤 회신드리겠누!!
사진을 첨부해 드렸습니다.,사진을 첨부해 드렸노ㄷㄷ
아침에 마감이 있으니 늦지 말아 주세요.,아침에 마감이 있으니 늦지 말아 줘누ㄷㄷ
스타 실력이 매우 늘었습니다.,스타 실력이 겁나 늘었노ㅋㅋ
평일에 회의 일정을 조율하겠습니다.,평일에 회의 일정을 조율하겠누
키보드을 회사에 두고 온 것 같습니다.,키보드을 회사에 두고 온 것 같노ㅋㅋㅋ
오늘 축구 경기가 정말 재미있었습니다.,오늘 축구 경기가 ㄹㅇ 개꿀잼었누ㅎㅎ
저녁에 회의 일정을 조율하겠습니다.,저녁에 회의 일정을 조율하겠누!!
폰을 헬스장에 두고 온 것 같습니다.,폰을 헬스장에 두고 온 것 같노ㅎㅎ
다음 단계로 진행하겠습니다.,다음 단계로 진행하겠노ㅎㅎ
사진 몇 장만 더 보내 주실 수 있을까요?,사진 몇 장만 더 보내 주실 수 있을까요노?ㅋㅋㅋ
키보드을 버정에 두고 온 것 같습니다.,키보드을 버정에 두고 온 것 같노ㅎㅎ
오늘 도서관이(가) 예상보다 한산합니다.,오늘 도서관이 예상보다 한산누
일정을 조금 미루는 것이 어떨까요?,일정을 살짝 미루는 것이 어떨까요노?ㅋㅋㅋ
공원이(가) 너무 붐빕니다.,공원이 너무 붐빕니다누!!
의견 주시면 감사하겠습니다.,의견 주시면 감사하겠노ㅎㅎ
평일에 점검이 있으니 늦지 말아 주세요.,평일에 점검이 있으니 늦지 말아 줘노
이어폰을 도서관에 두고 온 것 같습니다.,이어폰을 도서관에 두고 온 것 같노
오늘 야구 경기가 정말 재미있었습니다.,오늘 야구 경기가 진짜 개꿀잼었누
늦어서 정말 죄송합니다.,늦어서 ㄹㅇ 죄송누!!
오늘 배구 경기가 정말 재미있었습니다.,오늘 배구 경기가 존나 꿀잼었누
폰을 버정에 두고 온 것 같습니다.,폰을 버정에 두고 온 것 같누
늦어서 정말 죄송합니다.,늦어서 진짜 죄송노
집에 다음 주에 도착하겠습니다.,집에 다음 주에 도착하겠누
사진 화질이 조금 아쉽습니다.,사진 화질이 쬐끔 아쉽노ㅋㅋㅋ
늦어서 정말 죄송합니다.,늦어서 진짜 죄송노!!
이어폰 배터리가 너무 빨리 닳습니다.,이어폰 배터리가 너무 빨리 닳노ㄷㄷ
주말에 공원에서 뵙겠습니다.,주말에 공원에서 뵙겠노ㅎㅎ
오늘 집이(가) 예상보다 한산합니다.,오늘 집이 예상보다 한산누ㅋㅋㅋ
오늘 테니스 경기가 정말 재미있었습니다.,오늘 테니스 경기가 개 개꿀잼었노
이 삼겹살은 정말 맛있습니다.,이 삼겹살은 ㄹㅇ 개맛있누
다음 주에 발표이 있으니 늦지 말아 주세요.,다음 주에 발표이 있으니 늦지 말아 줘누
회사에 평일에 도착하겠습니다.,회사에 평일에 도착하겠누ㅋㅋ
오늘 야구 경기가 정말 재미있었습니다.,오늘 야구 경기가 존나 개꿀잼었누
내일에 회의 일정을 조율하겠습니다.,내일에 회의 일정을 조율하겠노ㄷㄷ
점심에 회의 일정을 조율하겠습니다.,점심에 회의 일정을 조율하겠노
가격이 다소 높은 편입니다.,가격이 좀 높은 편누
이 김밥은 정말 맛있습니다.,이 김밥은 ㄹㅇ 존맛누ㅋㅋ
잠시만 기다려 주세요.,잠시만 기다려 줘누ㅋㅋ
늦어서 정말 죄송합니다.,늦어서 ㄹㅇ 죄송노ㅋㅋㅋ
헬스장이(가) 너무 붐빕니다.,헬스장이 너무 붐빕니다누ㅋㅋㅋ
내일 주말에 출발해도 될까요?,내일 주말에 출발해도 될까요노?ㅎㅎ
오늘 서울 날씨가 정말 좋습니다.,오늘 서울 날씨가 진짜 쩔누ㅋㅋ
점심에 발표이 있으니 늦지 말아 주세요.,점심에 발표이 있으니 늦지 말아 줘누
오늘 클라이밍 경기가 정말 재미있었습니다.,오늘 클라이밍 경기가 진짜 개꿀잼었누ㅋㅋ
가격이 다소 높은 편입니다.,가격이 좀 높은 편노ㅎㅎ
카페에 평일에 도착하겠습니다.,카페에 평일에 도착하겠누
늦어서 정말 죄송합니다.,늦어서 개 죄송노ㅋㅋ
지금 바로 처리하겠습니다.,지금 바로 처리하겠누!!
오늘 농구 경기가 정말 재미있었습니다.,오늘 농구 경기가 진짜 개꿀잼었누
오늘 야구 경기가 정말 재미있었습니다.,오늘 야구 경기가 ㄹㅇ 꿀잼었누
오늘 회사 근처에 계신가요?,오늘 회사 근처에 있노?ㅋㅋ
오늘 러닝 경기가 정말 재미있었습니다.,오늘 러닝 경기가 진짜 꿀잼었노
오늘 학교이(가) 예상보다 한산합니다.,오늘 학교가 예상보다 한산누ㅎㅎ
이 떡볶이은 정말 맛있습니다.,이 떡볶이은 ㄹㅇ 존맛누
내일까지 결과를 보내 주십시오.,내일까지 결과를 보내 줘노ㄷㄷ
오늘 서울 날씨가 정말 좋습니다.,오늘 서울 날씨가 진짜 지리누ㄷㄷ
평일에 면접이 있으니 늦지 말아 주세요.,평일에 면접이 있으니 늦지 말아 줘노
조금만 더 기다려 주시면 감사하겠습니다.,조금만 더 기다려 주시면 감사하겠누!!
마우스을 공원에 두고 온 것 같습니다.,마우스을 공원에 두고 온 것 같노
새로운 프로젝트를 시작했습니다.,새로운 프로젝트를 시작했누!!
평일에 헬스장에서 뵙겠습니다.,평일에 헬스장에서 뵙겠누!!
오늘 파리로 이동하겠습니다.,오늘 파리로 이동하겠노ㅎㅎ
모레에 점검이 있으니 늦지 말아 주세요.,모레에 점검이 있으니 늦지 말아 줘누!!
역에 주말에 도착하겠습니다.,역에 주말에 도착하겠누ㅎㅎ
오늘 테니스 경기가 정말 재미있었습니다.,오늘 테니스 경기가 존나 꿀잼었노
오늘 헬스장 근처에 계신가요?,오늘 헬스장 근처에 있노?
모레에 카페에서 뵙겠습니다.,모레에 카페에서 뵙겠누
헬스장이(가) 너무 붐빕니다.,헬스장이 너무 붐빕니다누
밤에 학교에서 뵙겠습니다.,밤에 학교에서 뵙겠누ㅎㅎ
오늘 헬스장 근처에 계신가요?,오늘 헬스장 근처에 있노?ㅎㅎ
의견 주시면 감사하겠습니다.,의견 주시면 감사하겠노ㄷㄷ
이 떡볶이은 정말 맛있습니다.,이 떡볶이은 개 개맛있누ㅋㅋ
축구 연습은 잘 되고 있습니까?,축구 연습은 잘 되고 있노?ㄷㄷ
오늘 야구 경기가 정말 재미있었습니다.,오늘 야구 경기가 존나 꿀잼었노ㅎㅎ
가격이 다소 높은 편입니다.,가격이 좀 높은 편노!!
공원에 점심에 도착하겠습니다.,공원에 점심에 도착하겠누
책을 버정에 두고 온 것 같습니다.,책을 버정에 두고 온 것 같누
평일에 역에서 뵙겠습니다.,평일에 역에서 뵙겠누ㅋㅋ
러닝 연습은 잘 되고 있습니까?,러닝 연습은 잘 되고 있노?ㅋㅋㅋ
오늘 집이(가) 예상보다 한산합니다.,오늘 집이 예상보다 한산누
사진 화질이 조금 아쉽습니다.,사진 화질이 살짝 아쉽노!!
스타 실력이 매우 늘었습니다.,스타 실력이 겁나 늘었노
지금 바로 처리하겠습니다.,지금 바로 처리하겠노ㄷㄷ
도움 주셔서 진심으로 감사합니다.,도움 주셔서  감사누!!
버정이(가) 너무 붐빕니다.,버정이 너무 붐빕니다누ㅋㅋ
가격이 다소 높은 편입니다.,가격이 쪼끔 높은 편노
사탐 숙제를 아직 제출하지 못했습니다.,사탐 숙제를 아직 제출하지 못했누ㅋㅋㅋ
오늘 광주 날씨가 정말 좋습니다.,오늘 광주 날씨가 존나 쩔노ㄷㄷ
키보드 배터리가 너무 빨리 닳습니다.,키보드 배터리가 너무 빨리 닳노ㅋㅋㅋ
가능하시다면 지금 시작하겠습니다.,가능하시다면 지금 시작하겠노
내일까지 결과를 보내 주십시오.,내일까지 결과를 보내 줘노ㅎㅎ
이 문장을 간단하게 바꿔 주세요.,이 문장을 간단하게 바꿔 줘노!!
카페에 저녁에 도착하겠습니다.,카페에 저녁에 도착하겠누
일정을 조금 미루는 것이 어떨까요?,일정을 살짝 미루는 것이 어떨까요노?!!
이 방법으로 진행하시면 될 것 같습니다.,이 방법으로 진행하시면 될 것 같노ㅎㅎ
러닝 연습은 잘 되고 있습니까?,러닝 연습은 잘 되고 있노?ㄷㄷ
오늘 공원 근처에 계신가요?,오늘 공원 근처에 있노?ㅋㅋ
그 제안은 괜찮아 보입니다.,그 제안은 괜찮아 보누ㅋㅋ
다음 단계로 진행하겠습니다.,다음 단계로 진행하겠노ㄷㄷ
늦어서 정말 죄송합니다.,늦어서 겁나 죄송누
일정을 조금 미루는 것이 어떨까요?,일정을 살짝 미루는 것이 어떨까요노?ㄷㄷ
오늘 학교이(가) 예상보다 한산합니다.,오늘 학교가 예상보다 한산노
내일 아침에 출발해도 될까요?,내일 아침에 출발해도 될까요노?
가격이 다소 높은 편입니다.,가격이 좀 높은 편노ㅋㅋㅋ
지갑을 공원에 두고 온 것 같습니다.,지갑을 공원에 두고 온 것 같누
집에 저녁에 도착하겠습니다.,집에 저녁에 도착하겠누
이 초밥은 정말 맛있습니다.,이 초밥은 진짜 개맛있누
오늘 공원이(가) 예상보다 한산합니다.,오늘 공원이 예상보다 한산노!!
오늘 도쿄로 이동하겠습니다.,오늘 도쿄로 이동하겠노ㅎㅎ
헬스장에 모레에 도착하겠습니다.,헬스장에 모레에 도착하겠노!!
아침에 학교에서 뵙겠습니다.,아침에 학교에서 뵙겠노
회사이(가) 너무 붐빕니다.,회사가 너무 붐빕니다누
스타 실력이 매우 늘었습니다.,스타 실력이 개 늘었누ㄷㄷ
공원에 평일에 도착하겠습니다.,공원에 평일에 도착하겠노ㅋㅋㅋ
이 피자은 정말 맛있습니다.,이 피자은 진짜 개맛있누ㅋㅋㅋ
오늘 도쿄 날씨가 정말 좋습니다.,오늘 도쿄 날씨가 존나 지리노ㅋㅋㅋ
오늘 대구 날씨가 정말 좋습니다.,오늘 대구 날씨가 개 쩔누
저녁에 카페에서 뵙겠습니다.,저녁에 카페에서 뵙겠노
이 버거은 정말 맛있습니다.,이 버거은 ㄹㅇ 존맛누ㅎㅎ
회의 자료를 공유해 주시겠어요?,회의 자료를 공유해 줄래노?ㄷㄷ
약속 시간이 조금 빠듯합니다.,약속 시간이 살짝 빠듯노ㅋㅋ
설명을 조금 더 자세히 해 주실 수 있나요?,설명을 쬐끔 더 자세히 해 주실 수 있노?ㅋㅋ
주말에 버정에서 뵙겠습니다.,주말에 버정에서 뵙겠노
그 제안은 괜찮아 보입니다.,그 제안은 괜찮아 보누!!
이 불고기은 정말 맛있습니다.,이 불고기은 진짜 개맛있노
롤 실력이 매우 늘었습니다.,롤 실력이 개 늘었노ㅎㅎ
오늘 축구 경기가 정말 재미있었습니다.,오늘 축구 경기가 진짜 개꿀잼었누
이 문장을 간단하게 바꿔 주세요.,이 문장을 간단하게 바꿔 줘노ㅋㅋㅋ
오늘 대전 날씨가 정말 좋습니다.,오늘 대전 날씨가 진짜 지리누ㅎㅎ
디아 실력이 매우 늘었습니다.,디아 실력이 개 늘었누ㅎㅎ
가격이 다소 높은 편입니다.,가격이 좀 높은 편누!!
지갑을 학교에 두고 온 것 같습니다.,지갑을 학교에 두고 온 것 같누
오늘 서울로 이동하겠습니다.,오늘 서울로 이동하겠노!!
조금만 더 기다려 주시면 감사하겠습니다.,조금만 더 기다려 주시면 감사하겠노ㄷㄷ
이 김밥은 정말 맛있습니다.,이 김밥은 진짜 존맛노
오늘 광주 날씨가 정말 좋습니다.,오늘 광주 날씨가 ㄹㅇ 지리노ㄷㄷ
이 버거은 정말 맛있습니다.,이 버거은 ㄹㅇ 존맛노ㄷㄷ
도서관에 모레에 도착하겠습니다.,도서관에 모레에 도착하겠노
학교에 저녁에 도착하겠습니다.,학교에 저녁에 도착하겠누ㅋㅋㅋ
책을 어디에 두셨는지 기억나십니까?,책을 어디에 두셨는지 기억나십니까노?ㅎㅎ
카메라을 역에 두고 온 것 같습니다.,카메라을 역에 두고 온 것 같누
카메라을 어디에 두셨는지 기억나십니까?,카메라을 어디에 두셨는지 기억나십니까노?ㅎㅎ
오늘 평일에 운동하실 수 있나요?,오늘 평일에 운동하실 수 있노?ㅎㅎ
오늘 대전 날씨가 정말 좋습니다.,오늘 대전 날씨가 진짜 쩔노ㄷㄷ
그 제안은 괜찮아 보입니다.,그 제안은 괜찮아 보누ㄷㄷ
회사에 주말에 도착하겠습니다.,회사에 주말에 도착하겠누ㅎㅎ
내일 아침에 출발해도 될까요?,내일 아침에 출발해도 될까요노?ㄷㄷ
내일에 집에서 뵙겠습니다.,내일에 집에서 뵙겠노ㅋㅋ
카메라을 집에 두고 온 것 같습니다.,카메라을 집에 두고 온 것 같누
역에 점심에 도착하겠습니다.,역에 점심에 도착하겠누
새로운 프로젝트를 시작했습니다.,새로운 프로젝트를 시작했노ㅋㅋ
클라이밍 연습은 잘 되고 있습니까?,클라이밍 연습은 잘 되고 있노?
수영 연습은 잘 되고 있습니까?,수영 연습은 잘 되고 있노?ㅋㅋ
오늘 테니스 경기가 정말 재미있었습니다.,오늘 테니스 경기가 존나 개꿀잼었누!!
자료를 다시 한 번 확인하겠습니다.,자료를 다시 한 번 확인하겠노ㅎㅎ
다음 주에 집에서 뵙겠습니다.,다음 주에 집에서 뵙겠노ㅎㅎ
지갑 배터리가 너무 빨리 닳습니다.,지갑 배터리가 너무 빨리 닳노ㄷㄷ
마크 실력이 매우 늘었습니다.,마크 실력이 겁나 늘었누ㅋㅋ
이 떡볶이은 정말 맛있습니다.,이 떡볶이은 겁나 개맛있노
내일 점심에 출발해도 될까요?,내일 점심에 출발해도 될까요노?ㄷㄷ
오늘 저녁에 운동하실 수 있나요?,오늘 저녁에 운동하실 수 있노?ㄷㄷ
지구과학 숙제를 아직 제출하지 못했습니다.,지구과학 숙제를 아직 제출하지 못했누
밤에 회의 일정을 조율하겠습니다.,밤에 회의 일정을 조율하겠누ㅎㅎ
사진을 첨부해 드렸습니다.,사진을 첨부해 드렸노!!
그 제안은 괜찮아 보입니다.,그 제안은 괜찮아 보누ㅋㅋㅋ
늦어서 정말 죄송합니다.,늦어서 개 죄송노
오늘 버정이(가) 예상보다 한산합니다.,오늘 버정이 예상보다 한산누ㅋㅋ
이 초밥은 정말 맛있습니다.,이 초밥은 개 존맛노
오늘 인천로 이동하겠습니다.,오늘 인천로 이동하겠누
늦어서 정말 죄송합니다.,늦어서 겁나 죄송노ㅋㅋㅋ
책을 역에 두고 온 것 같습니다.,책을 역에 두고 온 것 같누!!
오늘 수영 경기가 정말 재미있었습니다.,오늘 수영 경기가 진짜 꿀잼었누
공원이(가) 너무 붐빕니다.,공원이 너무 붐빕니다누
오늘 광주로 이동하겠습니다.,오늘 광주로 이동하겠노!!
이 치킨은 정말 맛있습니다.,이 치킨은 진짜 존맛누ㄷㄷ
모레에 회사에서 뵙겠습니다.,모레에 회사에서 뵙겠누
도서관에 점심에 도착하겠습니다.,도서관에 점심에 도착하겠누ㄷㄷ
다음 주까지는 완료하겠습니다.,다음 주까지 완료하겠누!!
새로운 프로젝트를 시작했습니다.,새로운 프로젝트를 시작했누ㄷㄷ
이 문제를 어떻게 해결하면 좋을까요?,이 문제를 어떻게 해결하면 지리을까요노?ㅋㅋ
오늘 카페 근처에 계신가요?,오늘 카페 근처에 있노?ㅋㅋ
오늘 파리로 이동하겠습니다.,오늘 파리로 이동하겠노
오늘 광주 날씨가 정말 좋습니다.,오늘 광주 날씨가 ㄹㅇ 지리누
카페이(가) 너무 붐빕니다.,카페가 너무 붐빕니다누
지금 바로 처리하겠습니다.,지금 바로 처리하겠누ㄷㄷ
오늘 평일에 운동하실 수 있나요?,오늘 평일에 운동하실 수 있노?ㅋㅋ
늦어서 정말 죄송합니다.,늦어서 겁나 죄송누ㅋㅋㅋ
오늘 뉴욕 날씨가 정말 좋습니다.,오늘 뉴욕 날씨가 진짜 지리노
약속 시간이 조금 빠듯합니다.,약속 시간이 살짝 빠듯누ㅋㅋㅋ
책을 헬스장에 두고 온 것 같습니다.,책을 헬스장에 두고 온 것 같노!!
다음 단계로 진행하겠습니다.,다음 단계로 진행하겠노ㅋㅋㅋ
역에 저녁에 도착하겠습니다.,역에 저녁에 도착하겠누
오늘 도쿄로 이동하겠습니다.,오늘 도쿄로 이동하겠누
오늘 헬스장이(가) 예상보다 한산합니다.,오늘 헬스장이 예상보다 한산노ㅋㅋ
주말에 미팅이 있으니 늦지 말아 주세요.,주말에 미팅이 있으니 늦지 말아 줘노
국어 숙제를 아직 제출하지 못했습니다.,국어 숙제를 아직 제출하지 못했누
오늘 대구로 이동하겠습니다.,오늘 대구로 이동하겠누
점심에 점검이 있으니 늦지 말아 주세요.,점심에 점검이 있으니 늦지 말아 줘노ㅎㅎ
이 라면은 정말 맛있습니다.,이 라면은 겁나 존맛누
연락이 늦어 죄송합니다.,연락이 늦어 죄송노ㅋㅋㅋ
설명을 조금 더 자세히 해 주실 수 있나요?,설명을 쬐끔 더 자세히 해 주실 수 있노?ㅋㅋㅋ
이 문장을 간단하게 바꿔 주세요.,이 문장을 간단하게 바꿔 줘노ㅎㅎ
주말에 미팅이 있으니 늦지 말아 주세요.,주말에 미팅이 있으니 늦지 말아 줘노ㅋㅋ
이 피자은 정말 맛있습니다.,이 피자은 ㄹㅇ 개맛있누
설명을 조금 더 자세히 해 주실 수 있나요?,설명을 쪼끔 더 자세히 해 주실 수 있노?
내일 저녁에 출발해도 될까요?,내일 저녁에 출발해도 될까요노?ㅋㅋ
오늘 내일에 운동하실 수 있나요?,오늘 내일에 운동하실 수 있노?ㄷㄷ
내일까지 결과를 보내 주십시오.,내일까지 결과를 보내 줘노ㅋㅋ
오늘 인천 날씨가 정말 좋습니다.,오늘 인천 날씨가 ㄹㅇ 쩔노
노트북 배터리가 너무 빨리 닳습니다.,노트북 배터리가 너무 빨리 닳노ㅋㅋㅋ
가격이 다소 높은 편입니다.,가격이 좀 높은 편누ㅋㅋㅋ
잠시만 기다려 주세요.,잠시만 기다려 줘노
연락이 늦어 죄송합니다.,연락이 늦어 죄송누ㅎㅎ
공원에 다음 주에 도착하겠습니다.,공원에 다음 주에 도착하겠노
책을 카페에 두고 온 것 같습니다.,책을 카페에 두고 온 것 같누ㅎㅎ
자료를 다시 한 번 확인하겠습니다.,자료를 다시 한 번 확인하겠노ㄷㄷ
점심에 점검이 있으니 늦지 말아 주세요.,점심에 점검이 있으니 늦지 말아 줘누
이 피자은 정말 맛있습니다.,이 피자은 ㄹㅇ 존맛노
오늘 수영 경기가 정말 재미있었습니다.,오늘 수영 경기가 진짜 꿀잼었노
오늘 학교이(가) 예상보다 한산합니다.,오늘 학교가 예상보다 한산누ㅋㅋ
잠시만 기다려 주세요.,잠시만 기다려 줘누
이어폰을 어디에 두셨는지 기억나십니까?,이어폰을 어디에 두셨는지 기억나십니까노?!!
가능하시다면 지금 시작하겠습니다.,가능하시다면 지금 시작하겠노ㅋㅋㅋ
오늘 농구 경기가 정말 재미있었습니다.,오늘 농구 경기가 진짜 꿀잼었누
지금 바로 처리하겠습니다.,지금 바로 처리하겠노!!
다음 주에 카페에서 뵙겠습니다.,다음 주에 카페에서 뵙겠누
이 비빔밥은 정말 맛있습니다.,이 비빔밥은 ㄹㅇ 존맛노
저녁에 발표이 있으니 늦지 말아 주세요.,저녁에 발표이 있으니 늦지 말아 줘노
책 배터리가 너무 빨리 닳습니다.,책 배터리가 너무 빨리 닳누ㅋㅋ
오늘 일정은 여기까지 하겠습니다.,오늘 일정은 여기까진 하겠노ㅋㅋ
사진 화질이 조금 아쉽습니다.,사진 화질이 살짝 아쉽노ㄷㄷ
이 문제를 어떻게 해결하면 좋을까요?,이 문제를 어떻게 해결하면 쩔을까요노?ㅋㅋㅋ
오늘 역 근처에 계신가요?,오늘 역 근처에 있노?
이 불고기은 정말 맛있습니다.,이 불고기은 ㄹㅇ 존맛노ㅋㅋㅋ
도서관에 평일에 도착하겠습니다.,도서관에 평일에 도착하겠누
다음 주에 발표이 있으니 늦지 말아 주세요.,다음 주에 발표이 있으니 늦지 말아 줘노
잠시만 기다려 주세요.,잠시만 기다려 줘노ㄷㄷ
조심히 들어가세요.,조심히 들어가세요누ㅋㅋㅋ
오늘 파리로 이동하겠습니다.,오늘 파리로 이동하겠노!!
오늘 테니스 경기가 정말 재미있었습니다.,오늘 테니스 경기가 진짜 개꿀잼었누!!
문서를 검토한 뒤 회신드리겠습니다.,문서를 검토한 뒤 회신드리겠누
내일 점심에 출발해도 될까요?,내일 점심에 출발해도 될까요노?
오늘 파리 날씨가 정말 좋습니다.,오늘 파리 날씨가 진짜 쩔누
혹시 다른 대안이 있을까요?,혹시 다른 대안이 있을까요노?
주말에 점검이 있으니 늦지 말아 주세요.,주말에 점검이 있으니 늦지 말아 줘누
오늘 도서관이(가) 예상보다 한산합니다.,오늘 도서관이 예상보다 한산노ㅋㅋㅋ
모레에 마감이 있으니 늦지 말아 주세요.,모레에 마감이 있으니 늦지 말아 줘노
오늘 파리 날씨가 정말 좋습니다.,오늘 파리 날씨가 ㄹㅇ 쩔누ㅋㅋㅋ
도서관에 모레에 도착하겠습니다.,도서관에 모레에 도착하겠노ㅎㅎ
사진을 첨부해 드렸습니다.,사진을 첨부해 드렸누ㄷㄷ
내일 평일에 출발해도 될까요?,내일 평일에 출발해도 될까요노?
오늘 파리 날씨가 정말 좋습니다.,오늘 파리 날씨가 진짜 지리노
오늘 뉴욕 날씨가 정말 좋습니다.,오늘 뉴욕 날씨가 진짜 쩔노
주말에 집에서 뵙겠습니다.,주말에 집에서 뵙겠노
오늘 배구 경기가 정말 재미있었습니다.,오늘 배구 경기가 ㄹㅇ 개꿀잼었노
수영 연습은 잘 되고 있습니까?,수영 연습은 잘 되고 있노?ㅎㅎ
파일을 다시 업로드해 주시겠어요?,파일을 다시 업로드해 줄래노?ㅋㅋㅋ
평일에 회의 일정을 조율하겠습니다.,평일에 회의 일정을 조율하겠노
오늘 버정 근처에 계신가요?,오늘 버정 근처에 있노?ㄷㄷ
지금 통화 가능하신가요?,지금 통화 가능하노?ㅋㅋㅋ
지갑을 어디에 두셨는지 기억나십니까?,지갑을 어디에 두셨는지 기억나십니까노?
이어폰 배터리가 너무 빨리 닳습니다.,이어폰 배터리가 너무 빨리 닳누!!
역에 주말에 도착하겠습니다.,역에 주말에 도착하겠누
오늘 공원이(가) 예상보다 한산합니다.,오늘 공원이 예상보다 한산누
내일에 회의이 있으니 늦지 말아 주세요.,내일에 회의이 있으니 늦지 말아 줘노ㅋㅋ
평일에 회의 일정을 조율하겠습니다.,평일에 회의 일정을 조율하겠노ㅋㅋㅋ
평일에 마감이 있으니 늦지 말아 주세요.,평일에 마감이 있으니 늦지 말아 줘누
물리 숙제를 아직 제출하지 못했습니다.,물리 숙제를 아직 제출하지 못했노
마우스을 헬스장에 두고 온 것 같습니다.,마우스을 헬스장에 두고 온 것 같누ㅎㅎ
다음 주에 헬스장에서 뵙겠습니다.,다음 주에 헬스장에서 뵙겠노
다음 주에 회의 일정을 조율하겠습니다.,다음 주에 회의 일정을 조율하겠노ㅎㅎ
이 치킨은 정말 맛있습니다.,이 치킨은 진짜 존맛노
키보드을 어디에 두셨는지 기억나십니까?,키보드을 어디에 두셨는지 기억나십니까노?ㄷㄷ
오늘 버정 근처에 계신가요?,오늘 버정 근처에 있노?ㅋㅋ
마우스 배터리가 너무 빨리 닳습니다.,마우스 배터리가 너무 빨리 닳노
주말에 마감이 있으니 늦지 말아 주세요.,주말에 마감이 있으니 늦지 말아 줘누!!
내일 내일에 출발해도 될까요?,내일 내일에 출발해도 될까요노?
조금만 더 기다려 주시면 감사하겠습니다.,조금만 더 기다려 주시면 감사하겠누ㅎㅎ
아침에 점검이 있으니 늦지 말아 주세요.,아침에 점검이 있으니 늦지 말아 줘노
새로운 프로젝트를 시작했습니다.,새로운 프로젝트를 시작했노ㄷㄷ
회사이(가) 너무 붐빕니다.,회사가 너무 붐빕니다누ㅋㅋ
내일 다음 주에 출발해도 될까요?,내일 다음 주에 출발해도 될까요노?ㅋㅋㅋ
늦어서 정말 죄송합니다.,늦어서 진짜 죄송누
이 삼겹살은 정말 맛있습니다.,이 삼겹살은 진짜 개맛있노ㅋㅋㅋ
다음 주에 마감이 있으니 늦지 말아 주세요.,다음 주에 마감이 있으니 늦지 말아 줘누
늦어서 정말 죄송합니다.,늦어서 진짜 죄송노ㅋㅋㅋ
회사에 아침에 도착하겠습니다.,회사에 아침에 도착하겠노
오늘 농구 경기가 정말 재미있었습니다.,오늘 농구 경기가 ㄹㅇ 개꿀잼었누
축구 연습은 잘 되고 있습니까?,축구 연습은 잘 되고 있노?ㅋㅋㅋ
회의 자료를 공유해 주시겠어요?,회의 자료를 공유해 줄래노?ㅋㅋㅋ
아침에 집에서 뵙겠습니다.,아침에 집에서 뵙겠누
오늘 수영 경기가 정말 재미있었습니다.,오늘 수영 경기가 존나 개꿀잼었누
아침에 회사에서 뵙겠습니다.,아침에 회사에서 뵙겠누
탭을 도서관에 두고 온 것 같습니다.,탭을 도서관에 두고 온 것 같누
배구 연습은 잘 되고 있습니까?,배구 연습은 잘 되고 있노?
모레에 버정에서 뵙겠습니다.,모레에 버정에서 뵙겠누ㅋㅋ
지금 바로 처리하겠습니다.,지금 바로 처리하겠누ㅎㅎ
책 배터리가 너무 빨리 닳습니다.,책 배터리가 너무 빨리 닳누!!
카메라을 어디에 두셨는지 기억나십니까?,카메라을 어디에 두셨는지 기억나십니까노?
이 삼겹살은 정말 맛있습니다.,이 삼겹살은 진짜 존맛누ㄷㄷ
다음 주까지는 완료하겠습니다.,다음 주까지 완료하겠노ㅋㅋㅋ
책을 학교에 두고 온 것 같습니다.,책을 학교에 두고 온 것 같노ㅋㅋ
이 초밥은 정말 맛있습니다.,이 초밥은 ㄹㅇ 개맛있누ㅋㅋㅋ
사진 화질이 조금 아쉽습니다.,사진 화질이 쬐끔 아쉽누ㅎㅎ
사진 몇 장만 더 보내 주실 수 있을까요?,사진 몇 장만 더 보내 주실 수 있을까요노?ㅋㅋ
사진 화질이 조금 아쉽습니다.,사진 화질이 쪼끔 아쉽누
마우스 배터리가 너무 빨리 닳습니다.,마우스 배터리가 너무 빨리 닳누ㄷㄷ
축구 연습은 잘 되고 있습니까?,축구 연습은 잘 되고 있노?
설명을 조금 더 자세히 해 주실 수 있나요?,설명을 쬐끔 더 자세히 해 주실 수 있노?ㅎㅎ
오늘 카페이(가) 예상보다 한산합니다.,오늘 카페가 예상보다 한산누ㄷㄷ
오늘 배구 경기가 정말 재미있었습니다.,오늘 배구 경기가 개 개꿀잼었노
늦어서 정말 죄송합니다.,늦어서 개 죄송누
아침에 버정에서 뵙겠습니다.,아침에 버정에서 뵙겠누
오늘 도쿄 날씨가 정말 좋습니다.,오늘 도쿄 날씨가 ㄹㅇ 쩔누
모레에 마감이 있으니 늦지 말아 주세요.,모레에 마감이 있으니 늦지 말아 줘누
도서관에 내일에 도착하겠습니다.,도서관에 내일에 도착하겠노ㄷㄷ
오늘 일정은 여기까지 하겠습니다.,오늘 일정은 여기까진 하겠노
이 피자은 정말 맛있습니다.,이 피자은 ㄹㅇ 존맛누
오늘 뉴욕로 이동하겠습니다.,오늘 뉴욕로 이동하겠노
학교이(가) 너무 붐빕니다.,학교가 너무 붐빕니다누ㅋㅋ
아침에 미팅이 있으니 늦지 말아 주세요.,아침에 미팅이 있으니 늦지 말아 줘노
도서관에 다음 주에 도착하겠습니다.,도서관에 다음 주에 도착하겠누ㅋㅋ
키보드을 어디에 두셨는지 기억나십니까?,키보드을 어디에 두셨는지 기억나십니까노?
내일 모레에 출발해도 될까요?,내일 모레에 출발해도 될까요노?ㅋㅋㅋ
이 떡볶이은 정말 맛있습니다.,이 떡볶이은 진짜 개맛있노
모레에 미팅이 있으니 늦지 말아 주세요.,모레에 미팅이 있으니 늦지 말아 줘누
도서관에 밤에 도착하겠습니다.,도서관에 밤에 도착하겠누
내일에 보고서이 있으니 늦지 말아 주세요.,내일에 보고서이 있으니 늦지 말아 줘노
이 버거은 정말 맛있습니다.,이 버거은 존나 개맛있노
오늘 축구 경기가 정말 재미있었습니다.,오늘 축구 경기가 ㄹㅇ 개꿀잼었노ㅋㅋㅋ
저녁에 회의 일정을 조율하겠습니다.,저녁에 회의 일정을 조율하겠노!!
그 제안은 괜찮아 보입니다.,그 제안은 괜찮아 보누
테니스 연습은 잘 되고 있습니까?,테니스 연습은 잘 되고 있노?
오늘 버정 근처에 계신가요?,오늘 버정 근처에 있노?!!
모레에 면접이 있으니 늦지 말아 주세요.,모레에 면접이 있으니 늦지 말아 줘누
이 피자은 정말 맛있습니다.,이 피자은 진짜 존맛누!!
도움 주셔서 진심으로 감사합니다.,빽 주셔서  감사노ㅎㅎ
책 배터리가 너무 빨리 닳습니다.,책 배터리가 너무 빨리 닳노ㄷㄷ
회의 자료를 공유해 주시겠어요?,회의 자료를 공유해 줄래노?ㅋㅋ
오늘 헬스장이(가) 예상보다 한산합니다.,오늘 헬스장이 예상보다 한산노ㅋㅋㅋ
밤에 미팅이 있으니 늦지 말아 주세요.,밤에 미팅이 있으니 늦지 말아 줘누
카메라을 학교에 두고 온 것 같습니다.,카메라을 학교에 두고 온 것 같노
조심히 들어가세요.,조심히 들어가세요누!!
저녁에 미팅이 있으니 늦지 말아 주세요.,저녁에 미팅이 있으니 늦지 말아 줘누ㄷㄷ
내일에 점검이 있으니 늦지 말아 주세요.,내일에 점검이 있으니 늦지 말아 줘누
카메라을 역에 두고 온 것 같습니다.,카메라을 역에 두고 온 것 같노
약속 시간이 조금 빠듯합니다.,약속 시간이 살짝 빠듯누ㄷㄷ
가격이 다소 높은 편입니다.,가격이 좀 높은 편누ㄷㄷ
가격이 다소 높은 편입니다.,가격이 좀 높은 편노ㅋㅋ
이 치킨은 정말 맛있습니다.,이 치킨은 진짜 존맛노ㄷㄷ
조심히 들어가세요.,조심히 들어가세요노!!
오늘 도쿄로 이동하겠습니다.,오늘 도쿄로 이동하겠누ㅎㅎ
지금 바로 처리하겠습니다.,지금 바로 처리하겠노
오늘 학교이(가) 예상보다 한산합니다.,오늘 학교가 예상보다 한산노ㅋㅋㅋ
디아 실력이 매우 늘었습니다.,디아 실력이 개 늘었노ㅋㅋ
오늘 회사 근처에 계신가요?,오늘 회사 근처에 있노?ㄷㄷ
내일 밤에 출발해도 될까요?,내일 밤에 출발해도 될까요노?ㅎㅎ
오늘 테니스 경기가 정말 재미있었습니다.,오늘 테니스 경기가 진짜 꿀잼었노ㄷㄷ
오늘 모레에 운동하실 수 있나요?,오늘 모레에 운동하실 수 있노?ㅎㅎ
설명을 조금 더 자세히 해 주실 수 있나요?,설명을 쬐끔 더 자세히 해 주실 수 있노?ㄷㄷ
늦어서 정말 죄송합니다.,늦어서 ㄹㅇ 죄송누
이 치킨은 정말 맛있습니다.,이 치킨은 ㄹㅇ 개맛있누ㅋㅋ
내일에 도서관에서 뵙겠습니다.,내일에 도서관에서 뵙겠누
집이(가) 너무 붐빕니다.,집이 너무 붐빕니다누
약속 시간이 조금 빠듯합니다.,약속 시간이 쪼끔 빠듯누
이 방법으로 진행하시면 될 것 같습니다.,이 방법으로 진행하시면 될 것 같누
오늘 평일에 운동하실 수 있나요?,오늘 평일에 운동하실 수 있노?!!
오늘 집이(가) 예상보다 한산합니다.,오늘 집이 예상보다 한산누!!
내일에 카페에서 뵙겠습니다.,내일에 카페에서 뵙겠노
이 초밥은 정말 맛있습니다.,이 초밥은 ㄹㅇ 존맛노ㅎㅎ
지구과학 숙제를 아직 제출하지 못했습니다.,지구과학 숙제를 아직 제출하지 못했노ㅎㅎ
설명을 조금 더 자세히 해 주실 수 있나요?,설명을 살짝 더 자세히 해 주실 수 있노?ㅎㅎ
이어폰을 회사에 두고 온 것 같습니다.,이어폰을 회사에 두고 온 것 같노
집에 평일에 도착하겠습니다.,집에 평일에 도착하겠노
내일까지 결과를 보내 주십시오.,내일까지 결과를 보내 줘노
키보드을 어디에 두셨는지 기억나십니까?,키보드을 어디에 두셨는지 기억나십니까노?ㅋㅋㅋ
오늘 역 근처에 계신가요?,오늘 역 근처에 있노?!!
이 비빔밥은 정말 맛있습니다.,이 비빔밥은 개 존맛누
폰을 버정에 두고 온 것 같습니다.,폰을 버정에 두고 온 것 같누ㅋㅋㅋ
사탐 숙제를 아직 제출하지 못했습니다.,사탐 숙제를 아직 제출하지 못했노ㄷㄷ
오늘 역이(가) 예상보다 한산합니다.,오늘 역이 예상보다 한산누ㅋㅋㅋ
오늘 평일에 운동하실 수 있나요?,오늘 평일에 운동하실 수 있노?ㄷㄷ
오늘 광주로 이동하겠습니다.,오늘 광주로 이동하겠노
내일 내일에 출발해도 될까요?,내일 내일에 출발해도 될까요노?ㅋㅋㅋ
오늘 저녁에 운동하실 수 있나요?,오늘 저녁에 운동하실 수 있노?
사진 화질이 조금 아쉽습니다.,사진 화질이 쪼끔 아쉽노!!
다음 주에 카페에서 뵙겠습니다.,다음 주에 카페에서 뵙겠노
혹시 다른 대안이 있을까요?,혹시 다른 대안이 있을까요노?ㅎㅎ
이 삼겹살은 정말 맛있습니다.,이 삼겹살은 겁나 존맛누
사진을 첨부해 드렸습니다.,사진을 첨부해 드렸노ㅋㅋㅋ
학교에 점심에 도착하겠습니다.,학교에 점심에 도착하겠누
오늘 제주도 날씨가 정말 좋습니다.,오늘 제주도 날씨가 진짜 지리노ㅋㅋ
화학 숙제를 아직 제출하지 못했습니다.,화학 숙제를 아직 제출하지 못했누ㅋㅋㅋ
잠시만 기다려 주세요.,잠시만 기다려 줘누ㅎㅎ
이 초밥은 정말 맛있습니다.,이 초밥은 ㄹㅇ 개맛있노ㅋㅋㅋ
파일을 다시 업로드해 주시겠어요?,파일을 다시 업로드해 줄래노?ㄷㄷ
수학 숙제를 아직 제출하지 못했습니다.,수학 숙제를 아직 제출하지 못했노ㅋㅋ
영어 숙제를 아직 제출하지 못했습니다.,영어 숙제를 아직 제출하지 못했누
이 김밥은 정말 맛있습니다.,이 김밥은 ㄹㅇ 존맛누ㅋㅋㅋ
의견 주시면 감사하겠습니다.,의견 주시면 감사하겠누ㅎㅎ
학교에 주말에 도착하겠습니다.,학교에 주말에 도착하겠누
키보드을 역에 두고 온 것 같습니다.,키보드을 역에 두고 온 것 같노
다음 주까지는 완료하겠습니다.,다음 주까지 완료하겠누ㄷㄷ
점심에 면접이 있으니 늦지 말아 주세요.,점심에 면접이 있으니 늦지 말아 줘누
오늘 학교 근처에 계신가요?,오늘 학교 근처에 있노?
점심에 면접이 있으니 늦지 말아 주세요.,점심에 면접이 있으니 늦지 말아 줘노
내일 점심에 출발해도 될까요?,내일 점심에 출발해도 될까요노?!!
주말에 회사에서 뵙겠습니다.,주말에 회사에서 뵙겠노
오늘 테니스 경기가 정말 재미있었습니다.,오늘 테니스 경기가 진짜 개꿀잼었노ㅋㅋㅋ
디아 실력이 매우 늘었습니다.,디아 실력이 겁나 늘었누
오늘 뉴욕 날씨가 정말 좋습니다.,오늘 뉴욕 날씨가 ㄹㅇ 지리노
오늘 뉴욕 날씨가 정말 좋습니다.,오늘 뉴욕 날씨가 진짜 쩔누
약속 시간이 조금 빠듯합니다.,약속 시간이 쪼끔 빠듯누ㅋㅋㅋ
평일에 면접이 있으니 늦지 말아 주세요.,평일에 면접이 있으니 늦지 말아 줘누ㅋㅋㅋ
배구 연습은 잘 되고 있습니까?,배구 연습은 잘 되고 있노?ㅎㅎ
사진을 첨부해 드렸습니다.,사진을 첨부해 드렸노ㅎㅎ
지금 바로 처리하겠습니다.,지금 바로 처리하겠누ㅋㅋ
마우스 배터리가 너무 빨리 닳습니다.,마우스 배터리가 너무 빨리 닳누ㅋㅋ
카메라을 역에 두고 온 것 같습니다.,카메라을 역에 두고 온 것 같노ㅋㅋㅋ
내일 저녁에 출발해도 될까요?,내일 저녁에 출발해도 될까요노?
아침에 헬스장에서 뵙겠습니다.,아침에 헬스장에서 뵙겠노!!
주말에 도서관에서 뵙겠습니다.,주말에 도서관에서 뵙겠누!!
공원에 밤에 도착하겠습니다.,공원에 밤에 도착하겠누
지금 통화 가능하신가요?,지금 통화 가능하노?!!
오늘 주말에 운동하실 수 있나요?,오늘 주말에 운동하실 수 있노?ㅋㅋㅋ
오늘 회사이(가) 예상보다 한산합니다.,오늘 회사가 예상보다 한산누ㅎㅎ
오늘 헬스장 근처에 계신가요?,오늘 헬스장 근처에 있노?ㅋㅋㅋ
오늘 모레에 운동하실 수 있나요?,오늘 모레에 운동하실 수 있노?!!
저녁에 미팅이 있으니 늦지 말아 주세요.,저녁에 미팅이 있으니 늦지 말아 줘노ㅋㅋ
공원이(가) 너무 붐빕니다.,공원이 너무 붐빕니다노ㅋㅋ
학교에 평일에 도착하겠습니다.,학교에 평일에 도착하겠누
이 버거은 정말 맛있습니다.,이 버거은 진짜 개맛있노
내일 다음 주에 출발해도 될까요?,내일 다음 주에 출발해도 될까요노?ㄷㄷ
평일에 회의 일정을 조율하겠습니다.,평일에 회의 일정을 조율하겠누ㄷㄷ
오버워치 실력이 매우 늘었습니다.,오버워치 실력이 겁나 늘었노ㅋㅋㅋ
오늘 일정은 여기까지 하겠습니다.,오늘 일정은 여기까진 하겠누
탭을 어디에 두셨는지 기억나십니까?,탭을 어디에 두셨는지 기억나십니까노?ㅎㅎ
오늘 야구 경기가 정말 재미있었습니다.,오늘 야구 경기가 진짜 꿀잼었누
오늘 회사이(가) 예상보다 한산합니다.,오늘 회사가 예상보다 한산누
배그 실력이 매우 늘었습니다.,배그 실력이 겁나 늘었노
회사에 내일에 도착하겠습니다.,회사에 내일에 도착하겠노
오늘 대전 날씨가 정말 좋습니다.,오늘 대전 날씨가 ㄹㅇ 지리노ㅋㅋ
내일까지 결과를 보내 주십시오.,내일까지 결과를 보내 줘누ㄷㄷ
가격이 다소 높은 편입니다.,가격이 쪼끔 높은 편노ㅎㅎ
조금만 더 기다려 주시면 감사하겠습니다.,조금만 더 기다려 주시면 감사하겠누
저녁에 버정에서 뵙겠습니다.,저녁에 버정에서 뵙겠노
이 피자은 정말 맛있습니다.,이 피자은 진짜 존맛노!!
의견 주시면 감사하겠습니다.,의견 주시면 감사하겠누
내일에 회의 일정을 조율하겠습니다.,내일에 회의 일정을 조율하겠누
오늘 클라이밍 경기가 정말 재미있었습니다.,오늘 클라이밍 경기가 진짜 꿀잼었노
이 피자은 정말 맛있습니다.,이 피자은 개 존맛노
탭 배터리가 너무 빨리 닳습니다.,탭 배터리가 너무 빨리 닳노ㅋㅋ
카메라을 버정에 두고 온 것 같습니다.,카메라을 버정에 두고 온 것 같노ㄷㄷ
평일에 헬스장에서 뵙겠습니다.,평일에 헬스장에서 뵙겠누
내일 주말에 출발해도 될까요?,내일 주말에 출발해도 될까요노?!!
잠시만 기다려 주세요.,잠시만 기다려 줘누ㅋㅋㅋ
이 문제를 어떻게 해결하면 좋을까요?,이 문제를 어떻게 해결하면 쩔을까요노?!!
키보드을 공원에 두고 온 것 같습니다.,키보드을 공원에 두고 온 것 같노
점심에 학교에서 뵙겠습니다.,점심에 학교에서 뵙겠노
오늘 테니스 경기가 정말 재미있었습니다.,오늘 테니스 경기가 ㄹㅇ 개꿀잼었노
화학 숙제를 아직 제출하지 못했습니다.,화학 숙제를 아직 제출하지 못했누
역에 평일에 도착하겠습니다.,역에 평일에 도착하겠누!!
오늘 인천 날씨가 정말 좋습니다.,오늘 인천 날씨가 진짜 지리누ㅋㅋ
모레에 버정에서 뵙겠습니다.,모레에 버정에서 뵙겠누
지구과학 숙제를 아직 제출하지 못했습니다.,지구과학 숙제를 아직 제출하지 못했누ㅋㅋㅋ
도움 주셔서 진심으로 감사합니다.,도움 주셔서  감사누ㄷㄷ
회사에 내일에 도착하겠습니다.,회사에 내일에 도착하겠누ㅋㅋ
내일에 역에서 뵙겠습니다.,내일에 역에서 뵙겠누!!
오늘 내일에 운동하실 수 있나요?,오늘 내일에 운동하실 수 있노?ㅋㅋ
밤에 회사에서 뵙겠습니다.,밤에 회사에서 뵙겠노
내일에 도서관에서 뵙겠습니다.,내일에 도서관에서 뵙겠노ㅋㅋㅋ
도움 주셔서 진심으로 감사합니다.,빽 주셔서  감사노ㅋㅋㅋ
도움 주셔서 진심으로 감사합니다.,빽 주셔서  감사누ㅋㅋㅋ
오늘 일정은 여기까지 하겠습니다.,오늘 일정은 여기까진 하겠노ㄷㄷ
오늘 야구 경기가 정말 재미있었습니다.,오늘 야구 경기가 ㄹㅇ 개꿀잼었누
오늘 제주도 날씨가 정말 좋습니다.,오늘 제주도 날씨가 진짜 지리노
점심에 역에서 뵙겠습니다.,점심에 역에서 뵙겠누
의견 주시면 감사하겠습니다.,의견 주시면 감사하겠노!!
오늘 대전로 이동하겠습니다.,오늘 대전로 이동하겠노!!
다음 주에 점검이 있으니 늦지 말아 주세요.,다음 주에 점검이 있으니 늦지 말아 줘노
마크 실력이 매우 늘었습니다.,마크 실력이 개 늘었누ㅎㅎ
주말에 헬스장에서 뵙겠습니다.,주말에 헬스장에서 뵙겠노
오늘 광주로 이동하겠습니다.,오늘 광주로 이동하겠누!!
늦어서 정말 죄송합니다.,늦어서 존나 죄송누ㅋㅋㅋ
오늘 모레에 운동하실 수 있나요?,오늘 모레에 운동하실 수 있노?
사진 화질이 조금 아쉽습니다.,사진 화질이 살짝 아쉽누ㅋㅋ
오늘 도쿄 날씨가 정말 좋습니다.,오늘 도쿄 날씨가 ㄹㅇ 지리누
오늘 인천 날씨가 정말 좋습니다.,오늘 인천 날씨가 ㄹㅇ 쩔누
폰을 집에 두고 온 것 같습니다.,폰을 집에 두고 온 것 같노ㅋㅋ
밤에 회의이 있으니 늦지 말아 주세요.,밤에 회의이 있으니 늦지 말아 줘노
카메라 배터리가 너무 빨리 닳습니다.,카메라 배터리가 너무 빨리 닳누
내일 모레에 출발해도 될까요?,내일 모레에 출발해도 될까요노?
저녁에 도서관에서 뵙겠습니다.,저녁에 도서관에서 뵙겠누
모레에 학교에서 뵙겠습니다.,모레에 학교에서 뵙겠노
모레에 도서관에서 뵙겠습니다.,모레에 도서관에서 뵙겠노
노트북 배터리가 너무 빨리 닳습니다.,노트북 배터리가 너무 빨리 닳노
오늘 역 근처에 계신가요?,오늘 역 근처에 있노?ㅋㅋㅋ
연락이 늦어 죄송합니다.,연락이 늦어 죄송누ㄷㄷ
일정을 조금 미루는 것이 어떨까요?,일정을 살짝 미루는 것이 어떨까요노?
약속 시간이 조금 빠듯합니다.,약속 시간이 쪼끔 빠듯노
점심에 마감이 있으니 늦지 말아 주세요.,점심에 마감이 있으니 늦지 말아 줘누
버정에 점심에 도착하겠습니다.,버정에 점심에 도착하겠노
탭을 회사에 두고 온 것 같습니다.,탭을 회사에 두고 온 것 같노!!
오늘 다음 주에 운동하실 수 있나요?,오늘 다음 주에 운동하실 수 있노?ㅎㅎ
노트북을 집에 두고 온 것 같습니다.,노트북을 집에 두고 온 것 같누
이 문제를 어떻게 해결하면 좋을까요?,이 문제를 어떻게 해결하면 지리을까요노?
의견 주시면 감사하겠습니다.,의견 주시면 감사하겠누ㄷㄷ
평일에 헬스장에서 뵙겠습니다.,평일에 헬스장에서 뵙겠노
지금 통화 가능하신가요?,지금 통화 가능하노?ㅎㅎ
주말에 면접이 있으니 늦지 말아 주세요.,주말에 면접이 있으니 늦지 말아 줘노
밤에 공원에서 뵙겠습니다.,밤에 공원에서 뵙겠노!!
늦어서 정말 죄송합니다.,늦어서 진짜 죄송누ㅎㅎ
키보드을 회사에 두고 온 것 같습니다.,키보드을 회사에 두고 온 것 같노
오늘 저녁에 운동하실 수 있나요?,오늘 저녁에 운동하실 수 있노?ㅋㅋ
마크 실력이 매우 늘었습니다.,마크 실력이 겁나 늘었노!!
도서관에 점심에 도착하겠습니다.,도서관에 점심에 도착하겠노
오늘 버정 근처에 계신가요?,오늘 버정 근처에 있노?
오늘 역 근처에 계신가요?,오늘 역 근처에 있노?ㅋㅋ
오늘 테니스 경기가 정말 재미있었습니다.,오늘 테니스 경기가 진짜 개꿀잼었누
저녁에 버정에서 뵙겠습니다.,저녁에 버정에서 뵙겠누!!
오늘 테니스 경기가 정말 재미있었습니다.,오늘 테니스 경기가 개 개꿀잼었누ㅋㅋ
오늘 테니스 경기가 정말 재미있었습니다.,오늘 테니스 경기가 개 꿀잼었누
이 김밥은 정말 맛있습니다.,이 김밥은 진짜 존맛누
혹시 다른 대안이 있을까요?,혹시 다른 대안이 있을까요노?!!
조심히 들어가세요.,조심히 들어가세요노ㄷㄷ
밤에 면접이 있으니 늦지 말아 주세요.,밤에 면접이 있으니 늦지 말아 줘노ㄷㄷ
노트북을 버정에 두고 온 것 같습니다.,노트북을 버정에 두고 온 것 같노
약속 시간이 조금 빠듯합니다.,약속 시간이 살짝 빠듯누!!
역에 평일에 도착하겠습니다.,역에 평일에 도착하겠노
내일에 발표이 있으니 늦지 말아 주세요.,내일에 발표이 있으니 늦지 말아 줘노
이 김밥은 정말 맛있습니다.,이 김밥은 ㄹㅇ 존맛노
아침에 회의이 있으니 늦지 말아 주세요.,아침에 회의이 있으니 늦지 말아 줘노
내일 아침에 출발해도 될까요?,내일 아침에 출발해도 될까요노?!!
마우스을 어디에 두셨는지 기억나십니까?,마우스을 어디에 두셨는지 기억나십니까노?
점심에 도서관에서 뵙겠습니다.,점심에 도서관에서 뵙겠누
아침에 헬스장에서 뵙겠습니다.,아침에 헬스장에서 뵙겠노
도서관에 다음 주에 도착하겠습니다.,도서관에 다음 주에 도착하겠누ㅋㅋㅋ
모레에 역에서 뵙겠습니다.,모레에 역에서 뵙겠누!!
저녁에 마감이 있으니 늦지 말아 주세요.,저녁에 마감이 있으니 늦지 말아 줘누
이어폰을 카페에 두고 온 것 같습니다.,이어폰을 카페에 두고 온 것 같누
오늘 점심에 운동하실 수 있나요?,오늘 점심에 운동하실 수 있노?!!
오늘 클라이밍 경기가 정말 재미있었습니다.,오늘 클라이밍 경기가 ㄹㅇ 개꿀잼었노
도서관에 내일에 도착하겠습니다.,도서관에 내일에 도착하겠노
다음 주에 회의이 있으니 늦지 말아 주세요.,다음 주에 회의이 있으니 늦지 말아 줘누
키보드을 어디에 두셨는지 기억나십니까?,키보드을 어디에 두셨는지 기억나십니까노?ㅎㅎ
이 문장을 간단하게 바꿔 주세요.,이 문장을 간단하게 바꿔 줘누
오늘 점심에 운동하실 수 있나요?,오늘 점심에 운동하실 수 있노?ㅎㅎ
오늘 밤에 운동하실 수 있나요?,오늘 밤에 운동하실 수 있노?
야구 연습은 잘 되고 있습니까?,야구 연습은 잘 되고 있노?!!
다음 단계로 진행하겠습니다.,다음 단계로 진행하겠노ㅋㅋ
오늘 제주도 날씨가 정말 좋습니다.,오늘 제주도 날씨가 개 지리누
주말에 집에서 뵙겠습니다.,주말에 집에서 뵙겠누
지갑을 공원에 두고 온 것 같습니다.,지갑을 공원에 두고 온 것 같노ㄷㄷ
오늘 역이(가) 예상보다 한산합니다.,오늘 역이 예상보다 한산누
버정에 평일에 도착하겠습니다.,버정에 평일에 도착하겠노
자료를 다시 한 번 확인하겠습니다.,자료를 다시 한 번 확인하겠누ㅋㅋ
오늘 버정이(가) 예상보다 한산합니다.,오늘 버정이 예상보다 한산노ㅋㅋ
마우스 배터리가 너무 빨리 닳습니다.,마우스 배터리가 너무 빨리 닳누!!
주말에 회사에서 뵙겠습니다.,주말에 회사에서 뵙겠누ㅋㅋ
늦어서 정말 죄송합니다.,늦어서 진짜 죄송노ㅎㅎ
오늘 부산 날씨가 정말 좋습니다.,오늘 부산 날씨가 ㄹㅇ 쩔노
다음 주에 역에서 뵙겠습니다.,다음 주에 역에서 뵙겠노ㅋㅋㅋ
약속 시간이 조금 빠듯합니다.,약속 시간이 쬐끔 빠듯노ㅋㅋ
가능하시다면 지금 시작하겠습니다.,가능하시다면 지금 시작하겠노ㅋㅋ
헬스장이(가) 너무 붐빕니다.,헬스장이 너무 붐빕니다노
오늘 야구 경기가 정말 재미있었습니다.,오늘 야구 경기가 존나 개꿀잼었노
오늘 카페 근처에 계신가요?,오늘 카페 근처에 있노?ㅎㅎ
다음 주에 버정에서 뵙겠습니다.,다음 주에 버정에서 뵙겠노
지구과학 숙제를 아직 제출하지 못했습니다.,지구과학 숙제를 아직 제출하지 못했누ㄷㄷ
집이(가) 너무 붐빕니다.,집이 너무 붐빕니다노ㄷㄷ
공원에 내일에 도착하겠습니다.,공원에 내일에 도착하겠누
오늘 파리 날씨가 정말 좋습니다.,오늘 파리 날씨가 진짜 쩔노
그 제안은 괜찮아 보입니다.,그 제안은 괜찮아 보누ㅎㅎ
점심에 미팅이 있으니 늦지 말아 주세요.,점심에 미팅이 있으니 늦지 말아 줘노ㅋㅋ
오늘 수영 경기가 정말 재미있었습니다.,오늘 수영 경기가 진짜 개꿀잼었노
오늘 농구 경기가 정말 재미있었습니다.,오늘 농구 경기가 존나 개꿀잼었노
버정에 모레에 도착하겠습니다.,버정에 모레에 도착하겠노
물리 숙제를 아직 제출하지 못했습니다.,물리 숙제를 아직 제출하지 못했노ㅋㅋㅋ
이 피자은 정말 맛있습니다.,이 피자은 진짜 존맛노ㅋㅋ
키보드 배터리가 너무 빨리 닳습니다.,키보드 배터리가 너무 빨리 닳누
오늘 아침에 운동하실 수 있나요?,오늘 아침에 운동하실 수 있노?ㅋㅋ
학교에 아침에 도착하겠습니다.,학교에 아침에 도착하겠노
아침에 마감이 있으니 늦지 말아 주세요.,아침에 마감이 있으니 늦지 말아 줘노ㅋㅋㅋ
조심히 들어가세요.,조심히 들어가세요누ㅎㅎ
오늘 제주도로 이동하겠습니다.,오늘 제주도로 이동하겠노
회사이(가) 너무 붐빕니다.,회사가 너무 붐빕니다누ㅎㅎ
밤에 점검이 있으니 늦지 말아 주세요.,밤에 점검이 있으니 늦지 말아 줘노
사탐 숙제를 아직 제출하지 못했습니다.,사탐 숙제를 아직 제출하지 못했누
오늘 인천 날씨가 정말 좋습니다.,오늘 인천 날씨가 존나 지리누ㄷㄷ
이 삼겹살은 정말 맛있습니다.,이 삼겹살은 개 존맛노
모레에 헬스장에서 뵙겠습니다.,모레에 헬스장에서 뵙겠노
카메라 배터리가 너무 빨리 닳습니다.,카메라 배터리가 너무 빨리 닳누!!
평일에 회의 일정을 조율하겠습니다.,평일에 회의 일정을 조율하겠노ㅎㅎ
일정을 조금 미루는 것이 어떨까요?,일정을 쬐끔 미루는 것이 어떨까요노?!!
점심에 회사에서 뵙겠습니다.,점심에 회사에서 뵙겠노
카메라을 공원에 두고 온 것 같습니다.,카메라을 공원에 두고 온 것 같노ㅋㅋㅋ
모레에 보고서이 있으니 늦지 말아 주세요.,모레에 보고서이 있으니 늦지 말아 줘노
이어폰 배터리가 너무 빨리 닳습니다.,이어폰 배터리가 너무 빨리 닳누
일정을 조금 미루는 것이 어떨까요?,일정을 쪼끔 미루는 것이 어떨까요노?ㅋㅋ
오늘 제주도 날씨가 정말 좋습니다.,오늘 제주도 날씨가 ㄹㅇ 지리노ㄷㄷ
일정을 조금 미루는 것이 어떨까요?,일정을 쪼끔 미루는 것이 어떨까요노?ㅎㅎ
공원에 점심에 도착하겠습니다.,공원에 점심에 도착하겠노!!
카메라을 도서관에 두고 온 것 같습니다.,카메라을 도서관에 두고 온 것 같노
오늘 회사이(가) 예상보다 한산합니다.,오늘 회사가 예상보다 한산누ㅋㅋㅋ
국어 숙제를 아직 제출하지 못했습니다.,국어 숙제를 아직 제출하지 못했노ㅋㅋㅋ
사진 화질이 조금 아쉽습니다.,사진 화질이 쪼끔 아쉽노ㅋㅋㅋ
사진 화질이 조금 아쉽습니다.,사진 화질이 쪼끔 아쉽노ㄷㄷ
도움 주셔서 진심으로 감사합니다.,도움 주셔서  감사누
아침에 회의 일정을 조율하겠습니다.,아침에 회의 일정을 조율하겠누ㅎㅎ
이 버거은 정말 맛있습니다.,이 버거은 ㄹㅇ 개맛있노
탭을 어디에 두셨는지 기억나십니까?,탭을 어디에 두셨는지 기억나십니까노?ㅋㅋ
마우스을 어디에 두셨는지 기억나십니까?,마우스을 어디에 두셨는지 기억나십니까노?!!
오늘 야구 경기가 정말 재미있었습니다.,오늘 야구 경기가 진짜 개꿀잼었노
주말에 도서관에서 뵙겠습니다.,주말에 도서관에서 뵙겠누
오버워치 실력이 매우 늘었습니다.,오버워치 실력이 겁나 늘었누
다음 주에 회의 일정을 조율하겠습니다.,다음 주에 회의 일정을 조율하겠노ㄷㄷ
오늘 주말에 운동하실 수 있나요?,오늘 주말에 운동하실 수 있노?ㅎㅎ
학교이(가) 너무 붐빕니다.,학교가 너무 붐빕니다누!!
오늘 러닝 경기가 정말 재미있었습니다.,오늘 러닝 경기가 ㄹㅇ 개꿀잼었누
이 비빔밥은 정말 맛있습니다.,이 비빔밥은 겁나 개맛있누
내일 평일에 출발해도 될까요?,내일 평일에 출발해도 될까요노?ㅋㅋㅋ
노트북을 어디에 두셨는지 기억나십니까?,노트북을 어디에 두셨는지 기억나십니까노?ㅎㅎ
사진을 첨부해 드렸습니다.,사진을 첨부해 드렸누ㅋㅋ
주말에 회의 일정을 조율하겠습니다.,주말에 회의 일정을 조율하겠누
가능하시다면 지금 시작하겠습니다.,가능하시다면 지금 시작하겠누!!
카페에 아침에 도착하겠습니다.,카페에 아침에 도착하겠누ㅋㅋ
점심에 회사에서 뵙겠습니다.,점심에 회사에서 뵙겠누
카메라을 학교에 두고 온 것 같습니다.,카메라을 학교에 두고 온 것 같누
오늘 축구 경기가 정말 재미있었습니다.,오늘 축구 경기가 존나 꿀잼었누
폰을 회사에 두고 온 것 같습니다.,폰을 회사에 두고 온 것 같누ㅎㅎ
새로운 프로젝트를 시작했습니다.,새로운 프로젝트를 시작했누
문서를 검토한 뒤 회신드리겠습니다.,문서를 검토한 뒤 회신드리겠노ㅋㅋ
책을 회사에 두고 온 것 같습니다.,책을 회사에 두고 온 것 같누
아침에 회의 일정을 조율하겠습니다.,아침에 회의 일정을 조율하겠누
내일 모레에 출발해도 될까요?,내일 모레에 출발해도 될까요노?ㅎㅎ
오늘 농구 경기가 정말 재미있었습니다.,오늘 농구 경기가 진짜 개꿀잼었노
오늘 아침에 운동하실 수 있나요?,오늘 아침에 운동하실 수 있노?
오늘 농구 경기가 정말 재미있었습니다.,오늘 농구 경기가 ㄹㅇ 꿀잼었노
노트북을 도서관에 두고 온 것 같습니다.,노트북을 도서관에 두고 온 것 같누
카페에 다음 주에 도착하겠습니다.,카페에 다음 주에 도착하겠노
지갑을 도서관에 두고 온 것 같습니다.,지갑을 도서관에 두고 온 것 같누ㄷㄷ
다음 주까지는 완료하겠습니다.,다음 주까지 완료하겠노
밤에 발표이 있으니 늦지 말아 주세요.,밤에 발표이 있으니 늦지 말아 줘누
폰 배터리가 너무 빨리 닳습니다.,폰 배터리가 너무 빨리 닳노ㅋㅋ
국어 숙제를 아직 제출하지 못했습니다.,국어 숙제를 아직 제출하지 못했노
공원이(가) 너무 붐빕니다.,공원이 너무 붐빕니다노
폰을 공원에 두고 온 것 같습니다.,폰을 공원에 두고 온 것 같누ㅋㅋㅋ
공원에 밤에 도착하겠습니다.,공원에 밤에 도착하겠노
오늘 저녁에 운동하실 수 있나요?,오늘 저녁에 운동하실 수 있노?ㅋㅋㅋ
다음 주에 회의 일정을 조율하겠습니다.,다음 주에 회의 일정을 조율하겠노!!
오늘 인천 날씨가 정말 좋습니다.,오늘 인천 날씨가 존나 쩔노
오늘 광주 날씨가 정말 좋습니다.,오늘 광주 날씨가 ㄹㅇ 지리노
집에 아침에 도착하겠습니다.,집에 아침에 도착하겠노
다음 주에 면접이 있으니 늦지 말아 주세요.,다음 주에 면접이 있으니 늦지 말아 줘노
오늘 버정이(가) 예상보다 한산합니다.,오늘 버정이 예상보다 한산노ㄷㄷ
오늘 배구 경기가 정말 재미있었습니다.,오늘 배구 경기가 ㄹㅇ 개꿀잼었누ㄷㄷ
도서관에 모레에 도착하겠습니다.,도서관에 모레에 도착하겠누
늦어서 정말 죄송합니다.,늦어서 존나 죄송노
평일에 학교에서 뵙겠습니다.,평일에 학교에서 뵙겠누
오늘 광주 날씨가 정말 좋습니다.,오늘 광주 날씨가 진짜 지리누
가격이 다소 높은 편입니다.,가격이 쪼끔 높은 편누ㅋㅋㅋ
스타 실력이 매우 늘었습니다.,스타 실력이 겁나 늘었노ㅎㅎ
오늘 부산 날씨가 정말 좋습니다.,오늘 부산 날씨가 ㄹㅇ 쩔누ㅎㅎ
그 제안은 괜찮아 보입니다.,그 제안은 괜찮아 보노ㅋㅋ
가능하시다면 지금 시작하겠습니다.,가능하시다면 지금 시작하겠누ㄷㄷ
오늘 공원 근처에 계신가요?,오늘 공원 근처에 있노?!!
이 문제를 어떻게 해결하면 좋을까요?,이 문제를 어떻게 해결하면 쩔을까요노?
내일 밤에 출발해도 될까요?,내일 밤에 출발해도 될까요노?!!
탭 배터리가 너무 빨리 닳습니다.,탭 배터리가 너무 빨리 닳누ㅋㅋ
다음 주에 회의 일정을 조율하겠습니다.,다음 주에 회의 일정을 조율하겠누!!
모레에 집에서 뵙겠습니다.,모레에 집에서 뵙겠노
내일 밤에 출발해도 될까요?,내일 밤에 출발해도 될까요노?
오늘 부산로 이동하겠습니다.,오늘 부산로 이동하겠노
카페이(가) 너무 붐빕니다.,카페가 너무 붐빕니다노
역에 모레에 도착하겠습니다.,역에 모레에 도착하겠누
가격이 다소 높은 편입니다.,가격이 쪼끔 높은 편누
주말에 회의 일정을 조율하겠습니다.,주말에 회의 일정을 조율하겠노ㅋㅋㅋ
저녁에 회의 일정을 조율하겠습니다.,저녁에 회의 일정을 조율하겠누ㅎㅎ
폰을 집에 두고 온 것 같습니다.,폰을 집에 두고 온 것 같노
지금 통화 가능하신가요?,지금 통화 가능하노?ㄷㄷ
약속 시간이 조금 빠듯합니다.,약속 시간이 쪼끔 빠듯누ㅋㅋ
저녁에 회의 일정을 조율하겠습니다.,저녁에 회의 일정을 조율하겠노ㅋㅋ
사진 화질이 조금 아쉽습니다.,사진 화질이 살짝 아쉽노
내일에 집에서 뵙겠습니다.,내일에 집에서 뵙겠노ㄷㄷ
농구 연습은 잘 되고 있습니까?,농구 연습은 잘 되고 있노?
내일 저녁에 출발해도 될까요?,내일 저녁에 출발해도 될까요노?ㅋㅋㅋ
이 초밥은 정말 맛있습니다.,이 초밥은 진짜 개맛있노ㅋㅋ
폰 배터리가 너무 빨리 닳습니다.,폰 배터리가 너무 빨리 닳누
내일에 면접이 있으니 늦지 말아 주세요.,내일에 면접이 있으니 늦지 말아 줘노
다음 주에 역에서 뵙겠습니다.,다음 주에 역에서 뵙겠누
공원에 아침에 도착하겠습니다.,공원에 아침에 도착하겠누
가능하시다면 지금 시작하겠습니다.,가능하시다면 지금 시작하겠누ㅋㅋㅋ
버정에 밤에 도착하겠습니다.,버정에 밤에 도착하겠노
오늘 서울 날씨가 정말 좋습니다.,오늘 서울 날씨가 ㄹㅇ 쩔노
지금 바로 처리하겠습니다.,지금 바로 처리하겠누ㅋㅋㅋ
사진 몇 장만 더 보내 주실 수 있을까요?,사진 몇 장만 더 보내 주실 수 있을까요노?ㅎㅎ
오늘 서울 날씨가 정말 좋습니다.,오늘 서울 날씨가 ㄹㅇ 쩔누ㅎㅎ
오늘 배구 경기가 정말 재미있었습니다.,오늘 배구 경기가 ㄹㅇ 꿀잼었노
오버워치 실력이 매우 늘었습니다.,오버워치 실력이 겁나 늘었누ㅋㅋ
마우스을 역에 두고 온 것 같습니다.,마우스을 역에 두고 온 것 같노
오늘 대전 날씨가 정말 좋습니다.,오늘 대전 날씨가 겁나 지리노ㅋㅋㅋ
집에 밤에 도착하겠습니다.,집에 밤에 도착하겠노
그 제안은 괜찮아 보입니다.,그 제안은 괜찮아 보노ㅎㅎ
카페에 아침에 도착하겠습니다.,카페에 아침에 도착하겠누ㅎㅎ
카페에 아침에 도착하겠습니다.,카페에 아침에 도착하겠누
오늘 제주도로 이동하겠습니다.,오늘 제주도로 이동하겠누ㅋㅋ
카페이(가) 너무 붐빕니다.,카페가 너무 붐빕니다노ㅋㅋㅋ
버정이(가) 너무 붐빕니다.,버정이 너무 붐빕니다누
이 치킨은 정말 맛있습니다.,이 치킨은 ㄹㅇ 개맛있누
이 삼겹살은 정말 맛있습니다.,이 삼겹살은 ㄹㅇ 존맛노
탭 배터리가 너무 빨리 닳습니다.,탭 배터리가 너무 빨리 닳노!!
아침에 회의 일정을 조율하겠습니다.,아침에 회의 일정을 조율하겠누ㄷㄷ
오늘 도쿄 날씨가 정말 좋습니다.,오늘 도쿄 날씨가 진짜 쩔누
약속 시간이 조금 빠듯합니다.,약속 시간이 쪼끔 빠듯노!!
폰 배터리가 너무 빨리 닳습니다.,폰 배터리가 너무 빨리 닳누ㄷㄷ
저녁에 보고서이 있으니 늦지 말아 주세요.,저녁에 보고서이 있으니 늦지 말아 줘누
키보드 배터리가 너무 빨리 닳습니다.,키보드 배터리가 너무 빨리 닳누ㄷㄷ
헬스장에 평일에 도착하겠습니다.,헬스장에 평일에 도착하겠누
마우스 배터리가 너무 빨리 닳습니다.,마우스 배터리가 너무 빨리 닳누
저녁에 학교에서 뵙겠습니다.,저녁에 학교에서 뵙겠누ㅎㅎ
내일에 점검이 있으니 늦지 말아 주세요.,내일에 점검이 있으니 늦지 말아 줘노
오늘 내일에 운동하실 수 있나요?,오늘 내일에 운동하실 수 있노?
이 방법으로 진행하시면 될 것 같습니다.,이 방법으로 진행하시면 될 것 같노ㄷㄷ
이 문장을 간단하게 바꿔 주세요.,이 문장을 간단하게 바꿔 줘노ㄷㄷ
카메라 배터리가 너무 빨리 닳습니다.,카메라 배터리가 너무 빨리 닳노ㅋㅋㅋ
탭 배터리가 너무 빨리 닳습니다.,탭 배터리가 너무 빨리 닳노
저녁에 점검이 있으니 늦지 말아 주세요.,저녁에 점검이 있으니 늦지 말아 줘누
농구 연습은 잘 되고 있습니까?,농구 연습은 잘 되고 있노?ㅎㅎ
탭을 집에 두고 온 것 같습니다.,탭을 집에 두고 온 것 같누
사진 화질이 조금 아쉽습니다.,사진 화질이 쬐끔 아쉽누
마크 실력이 매우 늘었습니다.,마크 실력이 개 늘었누
사진 화질이 조금 아쉽습니다.,사진 화질이 쬐끔 아쉽노
배그 실력이 매우 늘었습니다.,배그 실력이 개 늘었누
일정을 조금 미루는 것이 어떨까요?,일정을 쬐끔 미루는 것이 어떨까요노?ㅋㅋ
다음 단계로 진행하겠습니다.,다음 단계로 진행하겠노
밤에 학교에서 뵙겠습니다.,밤에 학교에서 뵙겠누
오늘 대전 날씨가 정말 좋습니다.,오늘 대전 날씨가 진짜 쩔누
다음 주까지는 완료하겠습니다.,다음 주까지 완료하겠노ㅋㅋ
다음 주에 회의이 있으니 늦지 말아 주세요.,다음 주에 회의이 있으니 늦지 말아 줘노
새로운 프로젝트를 시작했습니다.,새로운 프로젝트를 시작했누ㅋㅋ
새로운 프로젝트를 시작했습니다.,새로운 프로젝트를 시작했노!!
롤 실력이 매우 늘었습니다.,롤 실력이 개 늘었누
오늘 대전 날씨가 정말 좋습니다.,오늘 대전 날씨가 ㄹㅇ 쩔노ㅋㅋㅋ
이 김밥은 정말 맛있습니다.,이 김밥은 진짜 개맛있누
오늘 뉴욕로 이동하겠습니다.,오늘 뉴욕로 이동하겠노ㅎㅎ
모레에 발표이 있으니 늦지 말아 주세요.,모레에 발표이 있으니 늦지 말아 줘누ㅋㅋ
클라이밍 연습은 잘 되고 있습니까?,클라이밍 연습은 잘 되고 있노?!!
이 라면은 정말 맛있습니다.,이 라면은 ㄹㅇ 개맛있누
카메라을 어디에 두셨는지 기억나십니까?,카메라을 어디에 두셨는지 기억나십니까노?!!
집에 내일에 도착하겠습니다.,집에 내일에 도착하겠노ㅋㅋ
늦어서 정말 죄송합니다.,늦어서 ㄹㅇ 죄송누ㄷㄷ
모레에 면접이 있으니 늦지 말아 주세요.,모레에 면접이 있으니 늦지 말아 줘누ㅋㅋ
이 방법으로 진행하시면 될 것 같습니다.,이 방법으로 진행하시면 될 것 같노
사진 몇 장만 더 보내 주실 수 있을까요?,사진 몇 장만 더 보내 주실 수 있을까요노?ㄷㄷ
늦어서 정말 죄송합니다.,늦어서 진짜 죄송누!!
오늘 광주 날씨가 정말 좋습니다.,오늘 광주 날씨가 개 지리노ㅎㅎ
탭을 어디에 두셨는지 기억나십니까?,탭을 어디에 두셨는지 기억나십니까노?
키보드을 헬스장에 두고 온 것 같습니다.,키보드을 헬스장에 두고 온 것 같노
헬스장이(가) 너무 붐빕니다.,헬스장이 너무 붐빕니다누ㄷㄷ
오늘 도서관이(가) 예상보다 한산합니다.,오늘 도서관이 예상보다 한산노
학교이(가) 너무 붐빕니다.,학교가 너무 붐빕니다노
혹시 다른 대안이 있을까요?,혹시 다른 대안이 있을까요노?ㄷㄷ
조금만 더 기다려 주시면 감사하겠습니다.,조금만 더 기다려 주시면 감사하겠노!!
사진 화질이 조금 아쉽습니다.,사진 화질이 살짝 아쉽노ㅋㅋ
지갑을 공원에 두고 온 것 같습니다.,지갑을 공원에 두고 온 것 같노
축구 연습은 잘 되고 있습니까?,축구 연습은 잘 되고 있노?!!
늦어서 정말 죄송합니다.,늦어서 겁나 죄송누ㅋㅋ
내일 평일에 출발해도 될까요?,내일 평일에 출발해도 될까요노?ㅋㅋ
평일에 발표이 있으니 늦지 말아 주세요.,평일에 발표이 있으니 늦지 말아 줘노ㄷㄷ
오늘 광주 날씨가 정말 좋습니다.,오늘 광주 날씨가 ㄹㅇ 쩔누
이 방법으로 진행하시면 될 것 같습니다.,이 방법으로 진행하시면 될 것 같누!!
이 라면은 정말 맛있습니다.,이 라면은 진짜 존맛누ㅋㅋㅋ
오늘 축구 경기가 정말 재미있었습니다.,오늘 축구 경기가 ㄹㅇ 꿀잼었누
마우스을 헬스장에 두고 온 것 같습니다.,마우스을 헬스장에 두고 온 것 같노
오늘 역이(가) 예상보다 한산합니다.,오늘 역이 예상보다 한산누ㄷㄷ
내일에 도서관에서 뵙겠습니다.,내일에 도서관에서 뵙겠노
오늘 도서관이(가) 예상보다 한산합니다.,오늘 도서관이 예상보다 한산누ㅋㅋㅋ
이어폰을 어디에 두셨는지 기억나십니까?,이어폰을 어디에 두셨는지 기억나십니까노?
이 불고기은 정말 맛있습니다.,이 불고기은 ㄹㅇ 개맛있노
설명을 조금 더 자세히 해 주실 수 있나요?,설명을 살짝 더 자세히 해 주실 수 있노?ㄷㄷ
오늘 파리로 이동하겠습니다.,오늘 파리로 이동하겠노ㄷㄷ
모레에 공원에서 뵙겠습니다.,모레에 공원에서 뵙겠누
폰을 헬스장에 두고 온 것 같습니다.,폰을 헬스장에 두고 온 것 같누
이 문제를 어떻게 해결하면 좋을까요?,이 문제를 어떻게 해결하면 지리을까요노?!!
오늘 광주로 이동하겠습니다.,오늘 광주로 이동하겠노ㄷㄷ
내일 밤에 출발해도 될까요?,내일 밤에 출발해도 될까요노?ㅋㅋㅋ
가격이 다소 높은 편입니다.,가격이 쪼끔 높은 편노ㅋㅋㅋ
집이(가) 너무 붐빕니다.,집이 너무 붐빕니다누ㅋㅋㅋ
오버워치 실력이 매우 늘었습니다.,오버워치 실력이 개 늘었노
약속 시간이 조금 빠듯합니다.,약속 시간이 살짝 빠듯노ㅎㅎ
저녁에 카페에서 뵙겠습니다.,저녁에 카페에서 뵙겠노ㄷㄷ
집에 다음 주에 도착하겠습니다.,집에 다음 주에 도착하겠누ㅎㅎ
오늘 농구 경기가 정말 재미있었습니다.,오늘 농구 경기가 진짜 꿀잼었노ㄷㄷ
점심에 도서관에서 뵙겠습니다.,점심에 도서관에서 뵙겠노ㅋㅋ
오늘 파리 날씨가 정말 좋습니다.,오늘 파리 날씨가 개 지리누
오늘 파리 날씨가 정말 좋습니다.,오늘 파리 날씨가 ㄹㅇ 쩔누
내일에 회의 일정을 조율하겠습니다.,내일에 회의 일정을 조율하겠노ㅋㅋㅋ
집에 모레에 도착하겠습니다.,집에 모레에 도착하겠노
내일에 회의 일정을 조율하겠습니다.,내일에 회의 일정을 조율하겠노
집에 내일에 도착하겠습니다.,집에 내일에 도착하겠누
디아 실력이 매우 늘었습니다.,디아 실력이 겁나 늘었노
점심에 공원에서 뵙겠습니다.,점심에 공원에서 뵙겠노
오늘 파리 날씨가 정말 좋습니다.,오늘 파리 날씨가 ㄹㅇ 지리노
카메라을 어디에 두셨는지 기억나십니까?,카메라을 어디에 두셨는지 기억나십니까노?ㅋㅋ
도서관이(가) 너무 붐빕니다.,도서관이 너무 붐빕니다누
키보드 배터리가 너무 빨리 닳습니다.,키보드 배터리가 너무 빨리 닳누ㅎㅎ
내일에 발표이 있으니 늦지 말아 주세요.,내일에 발표이 있으니 늦지 말아 줘노ㅋㅋ
밤에 역에서 뵙겠습니다.,밤에 역에서 뵙겠노
도움 주셔서 진심으로 감사합니다.,빽 주셔서  감사누!!
학교에 평일에 도착하겠습니다.,학교에 평일에 도착하겠노
약속 시간이 조금 빠듯합니다.,약속 시간이 쬐끔 빠듯노!!
아침에 보고서이 있으니 늦지 말아 주세요.,아침에 보고서이 있으니 늦지 말아 줘누
지갑 배터리가 너무 빨리 닳습니다.,지갑 배터리가 너무 빨리 닳노
오늘 서울 날씨가 정말 좋습니다.,오늘 서울 날씨가 ㄹㅇ 지리노
회사이(가) 너무 붐빕니다.,회사가 너무 붐빕니다노
집에 밤에 도착하겠습니다.,집에 밤에 도착하겠노ㅋㅋ
오늘 파리 날씨가 정말 좋습니다.,오늘 파리 날씨가 ㄹㅇ 쩔노
이 피자은 정말 맛있습니다.,이 피자은 ㄹㅇ 개맛있노
가격이 다소 높은 편입니다.,가격이 쪼끔 높은 편누ㅋㅋ
밤에 버정에서 뵙겠습니다.,밤에 버정에서 뵙겠노
도움 주셔서 진심으로 감사합니다.,도움 주셔서  감사노
의견 주시면 감사하겠습니다.,의견 주시면 감사하겠노
오늘 역이(가) 예상보다 한산합니다.,오늘 역이 예상보다 한산노
오늘 클라이밍 경기가 정말 재미있었습니다.,오늘 클라이밍 경기가 진짜 꿀잼었누
모레에 발표이 있으니 늦지 말아 주세요.,모레에 발표이 있으니 늦지 말아 줘노ㅋㅋㅋ
이 치킨은 정말 맛있습니다.,이 치킨은 진짜 존맛누
이 떡볶이은 정말 맛있습니다.,이 떡볶이은 진짜 개맛있누
오늘 배구 경기가 정말 재미있었습니다.,오늘 배구 경기가 진짜 개꿀잼었노
이 버거은 정말 맛있습니다.,이 버거은 존나 개맛있누
밤에 회의 일정을 조율하겠습니다.,밤에 회의 일정을 조율하겠노ㅋㅋㅋ
이 문장을 간단하게 바꿔 주세요.,이 문장을 간단하게 바꿔 줘노ㅋㅋ
사진 화질이 조금 아쉽습니다.,사진 화질이 쬐끔 아쉽누ㅋㅋㅋ
다음 주까지는 완료하겠습니다.,다음 주까지 완료하겠노ㅎㅎ
연락이 늦어 죄송합니다.,연락이 늦어 죄송노!!
폰을 회사에 두고 온 것 같습니다.,폰을 회사에 두고 온 것 같노!!
노트북을 역에 두고 온 것 같습니다.,노트북을 역에 두고 온 것 같노
공원에 다음 주에 도착하겠습니다.,공원에 다음 주에 도착하겠노ㅋㅋㅋ
역에 점심에 도착하겠습니다.,역에 점심에 도착하겠누!!
내일까지 결과를 보내 주십시오.,내일까지 결과를 보내 줘노!!
가격이 다소 높은 편입니다.,가격이 쪼끔 높은 편노!!
버정이(가) 너무 붐빕니다.,버정이 너무 붐빕니다노ㅋㅋ
사진을 첨부해 드렸습니다.,사진을 첨부해 드렸노
오늘 공원이(가) 예상보다 한산합니다.,오늘 공원이 예상보다 한산누!!
지금 바로 처리하겠습니다.,지금 바로 처리하겠노ㅎㅎ
사탐 숙제를 아직 제출하지 못했습니다.,사탐 숙제를 아직 제출하지 못했노
오늘 일정은 여기까지 하겠습니다.,오늘 일정은 여기까진 하겠누ㅋㅋ
이어폰을 학교에 두고 온 것 같습니다.,이어폰을 학교에 두고 온 것 같누ㅋㅋㅋ
집이(가) 너무 붐빕니다.,집이 너무 붐빕니다노!!
약속 시간이 조금 빠듯합니다.,약속 시간이 살짝 빠듯누ㅎㅎ
도서관이(가) 너무 붐빕니다.,도서관이 너무 붐빕니다누ㅋㅋㅋ
오늘 뉴욕 날씨가 정말 좋습니다.,오늘 뉴욕 날씨가 ㄹㅇ 지리누
저녁에 공원에서 뵙겠습니다.,저녁에 공원에서 뵙겠누
늦어서 정말 죄송합니다.,늦어서 ㄹㅇ 죄송누ㅎㅎ
이 문장을 간단하게 바꿔 주세요.,이 문장을 간단하게 바꿔 줘노
사진 화질이 조금 아쉽습니다.,사진 화질이 쬐끔 아쉽노ㅎㅎ
카페에 모레에 도착하겠습니다.,카페에 모레에 도착하겠누
다음 단계로 진행하겠습니다.,다음 단계로 진행하겠누ㅎㅎ
오늘 카페 근처에 계신가요?,오늘 카페 근처에 있노?
조심히 들어가세요.,조심히 들어가세요누
주말에 공원에서 뵙겠습니다.,주말에 공원에서 뵙겠누
학교에 주말에 도착하겠습니다.,학교에 주말에 도착하겠노
약속 시간이 조금 빠듯합니다.,약속 시간이 쪼끔 빠듯노ㅎㅎ
사탐 숙제를 아직 제출하지 못했습니다.,사탐 숙제를 아직 제출하지 못했누ㅋㅋ
가능하시다면 지금 시작하겠습니다.,가능하시다면 지금 시작하겠노ㄷㄷ
약속 시간이 조금 빠듯합니다.,약속 시간이 쬐끔 빠듯누ㅋㅋ
공원이(가) 너무 붐빕니다.,공원이 너무 붐빕니다누ㅋㅋㅋ
이 떡볶이은 정말 맛있습니다.,이 떡볶이은 존나 개맛있누ㅎㅎ
약속 시간이 조금 빠듯합니다.,약속 시간이 살짝 빠듯노
헬스장이(가) 너무 붐빕니다.,헬스장이 너무 붐빕니다누!!
오늘 집이(가) 예상보다 한산합니다.,오늘 집이 예상보다 한산누ㅋㅋ
헬스장에 모레에 도착하겠습니다.,헬스장에 모레에 도착하겠노
공원에 모레에 도착하겠습니다.,공원에 모레에 도착하겠노!!
오늘 학교이(가) 예상보다 한산합니다.,오늘 학교가 예상보다 한산누
물리 숙제를 아직 제출하지 못했습니다.,물리 숙제를 아직 제출하지 못했누ㅎㅎ
배그 실력이 매우 늘었습니다.,배그 실력이 개 늘었노ㄷㄷ
책을 집에 두고 온 것 같습니다.,책을 집에 두고 온 것 같누
아침에 역에서 뵙겠습니다.,아침에 역에서 뵙겠노ㅎㅎ
저녁에 공원에서 뵙겠습니다.,저녁에 공원에서 뵙겠노
오늘 모레에 운동하실 수 있나요?,오늘 모레에 운동하실 수 있노?ㄷㄷ
이 버거은 정말 맛있습니다.,이 버거은 ㄹㅇ 개맛있노ㅎㅎ
약속 시간이 조금 빠듯합니다.,약속 시간이 살짝 빠듯노!!
버정이(가) 너무 붐빕니다.,버정이 너무 붐빕니다노ㅋㅋㅋ
저녁에 버정에서 뵙겠습니다.,저녁에 버정에서 뵙겠누
오늘 학교 근처에 계신가요?,오늘 학교 근처에 있노?ㅎㅎ
오늘 제주도 날씨가 정말 좋습니다.,오늘 제주도 날씨가 진짜 쩔누
주말에 회사에서 뵙겠습니다.,주말에 회사에서 뵙겠노ㅋㅋ
주말에 회의이 있으니 늦지 말아 주세요.,주말에 회의이 있으니 늦지 말아 줘노
이어폰을 헬스장에 두고 온 것 같습니다.,이어폰을 헬스장에 두고 온 것 같노
밤에 역에서 뵙겠습니다.,밤에 역에서 뵙겠노ㅋㅋㅋ
주말에 마감이 있으니 늦지 말아 주세요.,주말에 마감이 있으니 늦지 말아 줘노ㅋㅋ
가능하시다면 지금 시작하겠습니다.,가능하시다면 지금 시작하겠노!!
늦어서 정말 죄송합니다.,늦어서 ㄹㅇ 죄송노!!
오늘 제주도 날씨가 정말 좋습니다.,오늘 제주도 날씨가 존나 지리노ㅋㅋㅋ
밤에 회사에서 뵙겠습니다.,밤에 회사에서 뵙겠누
연락이 늦어 죄송합니다.,연락이 늦어 죄송노
밤에 회의 일정을 조율하겠습니다.,밤에 회의 일정을 조율하겠누
역에 점심에 도착하겠습니다.,역에 점심에 도착하겠노
연락이 늦어 죄송합니다.,연락이 늦어 죄송노ㅎㅎ
오늘 클라이밍 경기가 정말 재미있었습니다.,오늘 클라이밍 경기가 개 개꿀잼었노
마우스을 집에 두고 온 것 같습니다.,마우스을 집에 두고 온 것 같누
탭 배터리가 너무 빨리 닳습니다.,탭 배터리가 너무 빨리 닳누ㅎㅎ
배그 실력이 매우 늘었습니다.,배그 실력이 겁나 늘었노ㄷㄷ
오늘 도쿄 날씨가 정말 좋습니다.,오늘 도쿄 날씨가 겁나 지리누
키보드을 버정에 두고 온 것 같습니다.,키보드을 버정에 두고 온 것 같노
밤에 면접이 있으니 늦지 말아 주세요.,밤에 면접이 있으니 늦지 말아 줘노!!
노트북을 카페에 두고 온 것 같습니다.,노트북을 카페에 두고 온 것 같노
오늘 부산 날씨가 정말 좋습니다.,오늘 부산 날씨가 존나 쩔누
오늘 수영 경기가 정말 재미있었습니다.,오늘 수영 경기가 진짜 개꿀잼었누ㅋㅋㅋ
폰 배터리가 너무 빨리 닳습니다.,폰 배터리가 너무 빨리 닳노!!
늦어서 정말 죄송합니다.,늦어서 진짜 죄송누ㅋㅋㅋ
오늘 야구 경기가 정말 재미있었습니다.,오늘 야구 경기가 진짜 꿀잼었노
오늘 대전로 이동하겠습니다.,오늘 대전로 이동하겠누ㅋㅋ
도움 주셔서 진심으로 감사합니다.,도움 주셔서  감사누ㅋㅋ
지구과학 숙제를 아직 제출하지 못했습니다.,지구과학 숙제를 아직 제출하지 못했누ㅎㅎ
국어 숙제를 아직 제출하지 못했습니다.,국어 숙제를 아직 제출하지 못했누ㄷㄷ
오늘 카페이(가) 예상보다 한산합니다.,오늘 카페가 예상보다 한산노ㅋㅋㅋ
테니스 연습은 잘 되고 있습니까?,테니스 연습은 잘 되고 있노?ㅋㅋㅋ
연락이 늦어 죄송합니다.,연락이 늦어 죄송노ㄷㄷ
화학 숙제를 아직 제출하지 못했습니다.,화학 숙제를 아직 제출하지 못했노
키보드을 회사에 두고 온 것 같습니다.,키보드을 회사에 두고 온 것 같노ㅎㅎ
오늘 회사이(가) 예상보다 한산합니다.,오늘 회사가 예상보다 한산노
폰을 카페에 두고 온 것 같습니다.,폰을 카페에 두고 온 것 같누
오늘 대구 날씨가 정말 좋습니다.,오늘 대구 날씨가 개 지리누
내일까지 결과를 보내 주십시오.,내일까지 결과를 보내 줘누ㅋㅋㅋ
오늘 밤에 운동하실 수 있나요?,오늘 밤에 운동하실 수 있노?ㅎㅎ
오늘 도쿄 날씨가 정말 좋습니다.,오늘 도쿄 날씨가 진짜 지리누
이 비빔밥은 정말 맛있습니다.,이 비빔밥은 ㄹㅇ 존맛누
내일 평일에 출발해도 될까요?,내일 평일에 출발해도 될까요노?ㄷㄷ
저녁에 회의 일정을 조율하겠습니다.,저녁에 회의 일정을 조율하겠노ㅎㅎ
사진 몇 장만 더 보내 주실 수 있을까요?,사진 몇 장만 더 보내 주실 수 있을까요노?!!
의견 주시면 감사하겠습니다.,의견 주시면 감사하겠누!!
버정이(가) 너무 붐빕니다.,버정이 너무 붐빕니다누ㄷㄷ
이 삼겹살은 정말 맛있습니다.,이 삼겹살은 존나 개맛있노
책 배터리가 너무 빨리 닳습니다.,책 배터리가 너무 빨리 닳노ㅎㅎ
오늘 서울로 이동하겠습니다.,오늘 서울로 이동하겠누ㅋㅋ
오늘 일정은 여기까지 하겠습니다.,오늘 일정은 여기까진 하겠노ㅋㅋㅋ
오늘 인천 날씨가 정말 좋습니다.,오늘 인천 날씨가 진짜 쩔누!!
지금 통화 가능하신가요?,지금 통화 가능하노?ㅋㅋ
연락이 늦어 죄송합니다.,연락이 늦어 죄송누
오늘 수영 경기가 정말 재미있었습니다.,오늘 수영 경기가 ㄹㅇ 개꿀잼었노
마크 실력이 매우 늘었습니다.,마크 실력이 개 늘었노
늦어서 정말 죄송합니다.,늦어서 진짜 죄송누ㅋㅋ
오늘 축구 경기가 정말 재미있었습니다.,오늘 축구 경기가 ㄹㅇ 꿀잼었노
오늘 러닝 경기가 정말 재미있었습니다.,오늘 러닝 경기가 진짜 꿀잼었누
아침에 발표이 있으니 늦지 말아 주세요.,아침에 발표이 있으니 늦지 말아 줘노
오늘 인천로 이동하겠습니다.,오늘 인천로 이동하겠노
저녁에 발표이 있으니 늦지 말아 주세요.,저녁에 발표이 있으니 늦지 말아 줘누
다음 주까지는 완료하겠습니다.,다음 주까지 완료하겠누ㅋㅋㅋ
역이(가) 너무 붐빕니다.,역이 너무 붐빕니다누ㅋㅋ
배구 연습은 잘 되고 있습니까?,배구 연습은 잘 되고 있노?ㅋㅋㅋ
오늘 학교 근처에 계신가요?,오늘 학교 근처에 있노?!!
오늘 카페이(가) 예상보다 한산합니다.,오늘 카페가 예상보다 한산누!!
회사에 내일에 도착하겠습니다.,회사에 내일에 도착하겠누
책 배터리가 너무 빨리 닳습니다.,책 배터리가 너무 빨리 닳누
모레에 학교에서 뵙겠습니다.,모레에 학교에서 뵙겠누
오늘 테니스 경기가 정말 재미있었습니다.,오늘 테니스 경기가 ㄹㅇ 꿀잼었노
오늘 서울 날씨가 정말 좋습니다.,오늘 서울 날씨가 ㄹㅇ 지리누
저녁에 버정에서 뵙겠습니다.,저녁에 버정에서 뵙겠노!!
내일에 미팅이 있으니 늦지 말아 주세요.,내일에 미팅이 있으니 늦지 말아 줘누ㅋㅋ
문서를 검토한 뒤 회신드리겠습니다.,문서를 검토한 뒤 회신드리겠누ㅋㅋ
오늘 러닝 경기가 정말 재미있었습니다.,오늘 러닝 경기가 진짜 개꿀잼었노
책을 도서관에 두고 온 것 같습니다.,책을 도서관에 두고 온 것 같노
마크 실력이 매우 늘었습니다.,마크 실력이 겁나 늘었노ㅎㅎ
마우스을 학교에 두고 온 것 같습니다.,마우스을 학교에 두고 온 것 같누
점심에 미팅이 있으니 늦지 말아 주세요.,점심에 미팅이 있으니 늦지 말아 줘누
오늘 도쿄 날씨가 정말 좋습니다.,오늘 도쿄 날씨가 ㄹㅇ 지리누ㅎㅎ
오늘 헬스장이(가) 예상보다 한산합니다.,오늘 헬스장이 예상보다 한산노
늦어서 정말 죄송합니다.,늦어서 진짜 죄송노ㅋㅋ
다음 주에 헬스장에서 뵙겠습니다.,다음 주에 헬스장에서 뵙겠누
내일에 공원에서 뵙겠습니다.,내일에 공원에서 뵙겠노
오늘 수영 경기가 정말 재미있었습니다.,오늘 수영 경기가 진짜 개꿀잼었누
카메라 배터리가 너무 빨리 닳습니다.,카메라 배터리가 너무 빨리 닳누ㄷㄷ
배그 실력이 매우 늘었습니다.,배그 실력이 개 늘었노ㅎㅎ
집이(가) 너무 붐빕니다.,집이 너무 붐빕니다누ㅋㅋ
밤에 헬스장에서 뵙겠습니다.,밤에 헬스장에서 뵙겠누
조심히 들어가세요.,조심히 들어가세요누ㄷㄷ
카메라을 학교에 두고 온 것 같습니다.,카메라을 학교에 두고 온 것 같누!!
